,date,id,text,like,n_rt,author,location,retweeted,user_mentions,hastags
0,2022-12-24 09:51:02+00:00,1606588252269318144,RT @paolopileri_: In Lombardia fioccano candidati regionali @PD_Lombardia. Ci dicono chiaramente NO a ogni consumo di suolo per #olimpiadi2‚Ä¶,0,5,comitatogoccia,Milano quartiere Bovisa,False,"[{'screen_name': 'paolopileri_', 'name': 'Paolo Pileri', 'id': 1547192603493470208, 'id_str': '1547192603493470208', 'indices': [3, 16]}, {'screen_name': 'PD_Lombardia', 'name': 'PD Lombardia', 'id': 202113803, 'id_str': '202113803', 'indices': [60, 73]}]",[]
1,2022-12-24 08:00:49+00:00,1606560513927913473,RT @paolopileri_: In Lombardia fioccano candidati regionali @PD_Lombardia. Ci dicono chiaramente NO a ogni consumo di suolo per #olimpiadi2‚Ä¶,0,5,pa_poz,,False,"[{'screen_name': 'paolopileri_', 'name': 'Paolo Pileri', 'id': 1547192603493470208, 'id_str': '1547192603493470208', 'indices': [3, 16]}, {'screen_name': 'PD_Lombardia', 'name': 'PD Lombardia', 'id': 202113803, 'id_str': '202113803', 'indices': [60, 73]}]",[]
2,2022-12-24 07:48:15+00:00,1606557349434609666,RT @paolopileri_: In Lombardia fioccano candidati regionali @PD_Lombardia. Ci dicono chiaramente NO a ogni consumo di suolo per #olimpiadi2‚Ä¶,0,5,iggyHT,milano e trallallero,False,"[{'screen_name': 'paolopileri_', 'name': 'Paolo Pileri', 'id': 1547192603493470208, 'id_str': '1547192603493470208', 'indices': [3, 16]}, {'screen_name': 'PD_Lombardia', 'name': 'PD Lombardia', 'id': 202113803, 'id_str': '202113803', 'indices': [60, 73]}]",[]
3,2022-12-23 21:05:36+00:00,1606395621958733824,"RT @metaanto: Bravo @VittorioSgarbi il PD vuole abbattere lo stadio di San Siro, un simbolo, per favorire la speculazione edilizia #SanSiro‚Ä¶",0,5,CedroneBruno,Il paese delle meraviglie,False,"[{'screen_name': 'metaanto', 'name': 'antonietta metaüáÆüáπ #Maria #Natale #libert√†', 'id': 2394684582, 'id_str': '2394684582', 'indices': [3, 12]}, {'screen_name': 'VittorioSgarbi', 'name': 'Vittorio Sgarbi', 'id': 201658727, 'id_str': '201658727', 'indices': [20, 35]}]","[{'text': 'SanSiro', 'indices': [131, 139]}]"
4,2022-12-23 20:50:04+00:00,1606391715438465038,"RT @TamminenJuha: Tifosi del FC Internazionale, Stadio Giuseppe Meazza, 14.5.1989 #tifosi #FCInternazionale #Inter #SanSiro #SerieA #Ultras‚Ä¶",0,4,StatusSymbol2,"Milano, Italia",False,"[{'screen_name': 'TamminenJuha', 'name': 'Juha Tamminen', 'id': 981033632, 'id_str': '981033632', 'indices': [3, 16]}]","[{'text': 'tifosi', 'indices': [82, 89]}, {'text': 'FCInternazionale', 'indices': [90, 107]}, {'text': 'Inter', 'indices': [108, 114]}, {'text': 'SanSiro', 'indices': [115, 123]}, {'text': 'SerieA', 'indices': [124, 131]}, {'text': 'Ultras', 'indices': [132, 139]}]"
5,2022-12-23 20:30:12+00:00,1606386715001819168,"RT @metaanto: Bravo @VittorioSgarbi il PD vuole abbattere lo stadio di San Siro, un simbolo, per favorire la speculazione edilizia #SanSiro‚Ä¶",0,5,Carlo10309,,False,"[{'screen_name': 'metaanto', 'name': 'antonietta metaüáÆüáπ #Maria #Natale #libert√†', 'id': 2394684582, 'id_str': '2394684582', 'indices': [3, 12]}, {'screen_name': 'VittorioSgarbi', 'name': 'Vittorio Sgarbi', 'id': 201658727, 'id_str': '201658727', 'indices': [20, 35]}]","[{'text': 'SanSiro', 'indices': [131, 139]}]"
6,2022-12-23 20:21:30+00:00,1606384523465428992,"RT @metaanto: Bravo @VittorioSgarbi il PD vuole abbattere lo stadio di San Siro, un simbolo, per favorire la speculazione edilizia #SanSiro‚Ä¶",0,5,metaanto,"Milano, Lombardia",False,"[{'screen_name': 'metaanto', 'name': 'antonietta metaüáÆüáπ #Maria #Natale #libert√†', 'id': 2394684582, 'id_str': '2394684582', 'indices': [3, 12]}, {'screen_name': 'VittorioSgarbi', 'name': 'Vittorio Sgarbi', 'id': 201658727, 'id_str': '201658727', 'indices': [20, 35]}]","[{'text': 'SanSiro', 'indices': [131, 139]}]"
7,2022-12-23 19:10:36+00:00,1606366681143574529,"RT @filoni_diletta: #Verdi (oppositori del progetto #SanSiro): ""Dal dibattito pubblico √® uscito che il Meazza non va abbattuto. Le squadre‚Ä¶",0,8,MarcoTroiano8,"Foggia, Puglia üî¥‚ö´",False,"[{'screen_name': 'filoni_diletta', 'name': 'Diletta Filoni', 'id': 1366799375855411201, 'id_str': '1366799375855411201', 'indices': [3, 18]}]","[{'text': 'Verdi', 'indices': [20, 26]}, {'text': 'SanSiro', 'indices': [52, 60]}]"
8,2022-12-23 19:08:37+00:00,1606366184487538690,"RT @MiTomorrow: E' arrivato il via libera ma con delle condizioni ‚öΩÔ∏è

#Milano #SanSiro

https://t.co/8uIGs3yb6u",0,1,Pradivio,Milano,False,"[{'screen_name': 'MiTomorrow', 'name': 'Mi-Tomorrow', 'id': 3775808595, 'id_str': '3775808595', 'indices': [3, 14]}]","[{'text': 'Milano', 'indices': [70, 77]}, {'text': 'SanSiro', 'indices': [78, 86]}]"
9,2022-12-23 18:39:20+00:00,1606358812625076225,#VendoBiglietto in #Secondoanello verde per #MilanRoma a #SanSiro l‚Äô8 Gennaio ore 20.45 a prezzo di acquisto (50‚Ç¨),0,0,alematic21,,False,[],"[{'text': 'VendoBiglietto', 'indices': [0, 15]}, {'text': 'Secondoanello', 'indices': [19, 33]}, {'text': 'MilanRoma', 'indices': [44, 54]}, {'text': 'SanSiro', 'indices': [57, 65]}]"
10,2022-12-23 17:05:53+00:00,1606335296756408320,"Tutti i dettagli üèü

#Milan #Inter #SanSiro #milanpress
https://t.co/xKwzszeXb7",0,0,MilanPress_it,Milano,False,[],"[{'text': 'Milan', 'indices': [20, 26]}, {'text': 'Inter', 'indices': [27, 33]}, {'text': 'SanSiro', 'indices': [34, 42]}, {'text': 'milanpress', 'indices': [43, 54]}]"
11,2022-12-23 15:30:26+00:00,1606311274718978050,"Grazie direttore per l‚Äôaggiornamento.

#stadiomilano
#SanSiro https://t.co/mez4y647Zw",3,0,andreaschiassi,Thailandia,False,[],"[{'text': 'stadiomilano', 'indices': [39, 52]}, {'text': 'SanSiro', 'indices': [53, 61]}]"
12,2022-12-23 14:45:00+00:00,1606299840672985088,"E' arrivato il via libera ma con delle condizioni ‚öΩÔ∏è

#Milano #SanSiro

https://t.co/8uIGs3yb6u",1,1,MiTomorrow,Milano,False,[],"[{'text': 'Milano', 'indices': [54, 61]}, {'text': 'SanSiro', 'indices': [62, 70]}]"
13,2022-12-23 14:10:28+00:00,1606291152054820865,"RT @CalcioFinanza: #SanSiro, il Comune approva il documento che richiede nuove modifiche del progetto a #Inter e #Milan: ecco quali sono ht‚Ä¶",0,3,gen3chinchilla,"Praia, Cabo Verde ",False,"[{'screen_name': 'CalcioFinanza', 'name': 'Calcio e Finanza', 'id': 1917311582, 'id_str': '1917311582', 'indices': [3, 17]}]","[{'text': 'SanSiro', 'indices': [19, 27]}, {'text': 'Inter', 'indices': [104, 110]}, {'text': 'Milan', 'indices': [113, 119]}]"
14,2022-12-23 13:10:24+00:00,1606276032893489154,"#SanSiro, tutti i nodi: dalla capienza alla riqualificazione dell‚Äôarea | News

#ACMilan #Milan #SempreMilan 

https://t.co/mENxZrjFOP",0,0,PianetaMilan,milano,False,[],"[{'text': 'SanSiro', 'indices': [0, 8]}, {'text': 'ACMilan', 'indices': [79, 87]}, {'text': 'Milan', 'indices': [88, 94]}, {'text': 'SempreMilan', 'indices': [95, 107]}]"
15,2022-12-23 13:08:24+00:00,1606275529862176768,RT @paolopileri_: In Lombardia fioccano candidati regionali @PD_Lombardia. Ci dicono chiaramente NO a ogni consumo di suolo per #olimpiadi2‚Ä¶,0,5,niccolopoletto,"Torino, neh!",False,"[{'screen_name': 'paolopileri_', 'name': 'Paolo Pileri', 'id': 1547192603493470208, 'id_str': '1547192603493470208', 'indices': [3, 16]}, {'screen_name': 'PD_Lombardia', 'name': 'PD Lombardia', 'id': 202113803, 'id_str': '202113803', 'indices': [60, 73]}]",[]
16,2022-12-23 12:51:11+00:00,1606271196743475203,RT @paolopileri_: In Lombardia fioccano candidati regionali @PD_Lombardia. Ci dicono chiaramente NO a ogni consumo di suolo per #olimpiadi2‚Ä¶,0,5,giove_luna,,False,"[{'screen_name': 'paolopileri_', 'name': 'Paolo Pileri', 'id': 1547192603493470208, 'id_str': '1547192603493470208', 'indices': [3, 16]}, {'screen_name': 'PD_Lombardia', 'name': 'PD Lombardia', 'id': 202113803, 'id_str': '202113803', 'indices': [60, 73]}]",[]
17,2022-12-23 12:41:40+00:00,1606268805675487233,"Presto verso Sesto San Giovanni.

I Verdi attaccano: ¬´Credete ancora alle minacce dei club di andarsene¬ª #Milano #Milan #SanSiro #stadio https://t.co/DjWp7ruFSh",1,0,S_Galimberti,Italia,False,[],"[{'text': 'Milano', 'indices': [105, 112]}]"
18,2022-12-23 12:24:38+00:00,1606264517880446976,"In Lombardia fioccano candidati regionali @PD_Lombardia. Ci dicono chiaramente NO a ogni consumo di suolo per #olimpiadi26 e #SanSiro? Attiveranno subito un osservatorio indipendente di esperti per vigilare su ambiente? O invece fanno finta di nulla?
@altreconomia 
@pdnetwork",10,5,paolopileri_,,False,"[{'screen_name': 'PD_Lombardia', 'name': 'PD Lombardia', 'id': 202113803, 'id_str': '202113803', 'indices': [42, 55]}]",[]
19,2022-12-23 11:59:45+00:00,1606258256917192704,"RT @filoni_diletta: #Verdi (oppositori del progetto #SanSiro): ""Dal dibattito pubblico √® uscito che il Meazza non va abbattuto. Le squadre‚Ä¶",0,8,Alex46115579,,False,"[{'screen_name': 'filoni_diletta', 'name': 'Diletta Filoni', 'id': 1366799375855411201, 'id_str': '1366799375855411201', 'indices': [3, 18]}]","[{'text': 'Verdi', 'indices': [20, 26]}, {'text': 'SanSiro', 'indices': [52, 60]}]"
20,2022-12-23 11:30:34+00:00,1606250911420104704,"RT @CalcioFinanza: #SanSiro, il Comune approva il documento che richiede nuove modifiche del progetto a #Inter e #Milan: ecco quali sono ht‚Ä¶",0,3,tende2001,,False,"[{'screen_name': 'CalcioFinanza', 'name': 'Calcio e Finanza', 'id': 1917311582, 'id_str': '1917311582', 'indices': [3, 17]}]","[{'text': 'SanSiro', 'indices': [19, 27]}, {'text': 'Inter', 'indices': [104, 110]}, {'text': 'Milan', 'indices': [113, 119]}]"
21,2022-12-23 10:58:48+00:00,1606242914710851584,"RT @filoni_diletta: #Verdi (oppositori del progetto #SanSiro): ""Dal dibattito pubblico √® uscito che il Meazza non va abbattuto. Le squadre‚Ä¶",0,8,Nonloso68547061,,False,"[{'screen_name': 'filoni_diletta', 'name': 'Diletta Filoni', 'id': 1366799375855411201, 'id_str': '1366799375855411201', 'indices': [3, 18]}]","[{'text': 'Verdi', 'indices': [20, 26]}, {'text': 'SanSiro', 'indices': [52, 60]}]"
22,2022-12-23 10:53:02+00:00,1606241466484854784,"RT @filoni_diletta: #Verdi (oppositori del progetto #SanSiro): ""Dal dibattito pubblico √® uscito che il Meazza non va abbattuto. Le squadre‚Ä¶",0,8,leonzan75,,False,"[{'screen_name': 'filoni_diletta', 'name': 'Diletta Filoni', 'id': 1366799375855411201, 'id_str': '1366799375855411201', 'indices': [3, 18]}]","[{'text': 'Verdi', 'indices': [20, 26]}, {'text': 'SanSiro', 'indices': [52, 60]}]"
23,2022-12-23 10:11:09+00:00,1606230923225309185,"RT @DiaVoltaire: E si torna a passare dal via, come a Monopoly. #SanSiro #ComuneDiMilano",0,1,TuttoSuMilano,"Milano, Lombardia",False,"[{'screen_name': 'DiaVoltaire', 'name': 'DiaVoltaire', 'id': 1292304528, 'id_str': '1292304528', 'indices': [3, 15]}]","[{'text': 'SanSiro', 'indices': [64, 72]}, {'text': 'ComuneDiMilano', 'indices': [73, 88]}]"
24,2022-12-23 10:01:08+00:00,1606228403367030786,"RT @filoni_diletta: #Verdi (oppositori del progetto #SanSiro): ""Dal dibattito pubblico √® uscito che il Meazza non va abbattuto. Le squadre‚Ä¶",0,8,intertristi1899,,False,"[{'screen_name': 'filoni_diletta', 'name': 'Diletta Filoni', 'id': 1366799375855411201, 'id_str': '1366799375855411201', 'indices': [3, 18]}]","[{'text': 'Verdi', 'indices': [20, 26]}, {'text': 'SanSiro', 'indices': [52, 60]}]"
25,2022-12-23 09:43:09+00:00,1606223876664438784,"RT @filoni_diletta: #Verdi (oppositori del progetto #SanSiro): ""Dal dibattito pubblico √® uscito che il Meazza non va abbattuto. Le squadre‚Ä¶",0,8,NackaSkoglund89,,False,"[{'screen_name': 'filoni_diletta', 'name': 'Diletta Filoni', 'id': 1366799375855411201, 'id_str': '1366799375855411201', 'indices': [3, 18]}]","[{'text': 'Verdi', 'indices': [20, 26]}, {'text': 'SanSiro', 'indices': [52, 60]}]"
26,2022-12-23 09:33:35+00:00,1606221470492790784,"RT @filoni_diletta: #Verdi (oppositori del progetto #SanSiro): ""Dal dibattito pubblico √® uscito che il Meazza non va abbattuto. Le squadre‚Ä¶",0,8,GianmarcoDaria,"Puglia, Italia",False,"[{'screen_name': 'filoni_diletta', 'name': 'Diletta Filoni', 'id': 1366799375855411201, 'id_str': '1366799375855411201', 'indices': [3, 18]}]","[{'text': 'Verdi', 'indices': [20, 26]}, {'text': 'SanSiro', 'indices': [52, 60]}]"
27,2022-12-23 09:29:30+00:00,1606220443991429120,"#Verdi (oppositori del progetto #SanSiro): ""Dal dibattito pubblico √® uscito che il Meazza non va abbattuto. Le squadre minacciano di andarsene? Ancora gli credete, se ne sarebbero gi√† andate, a loro interessa soltanto la speculazione immobiliare""

[@CalcioFinanza] https://t.co/93VaNuWEwd",18,8,filoni_diletta,"Lecce, Puglia",False,[],"[{'text': 'Verdi', 'indices': [0, 6]}, {'text': 'SanSiro', 'indices': [32, 40]}]"
28,2022-12-23 09:09:58+00:00,1606215525909942272,"RT @metaanto: Bravo @VittorioSgarbi il PD vuole abbattere lo stadio di San Siro, un simbolo, per favorire la speculazione edilizia #SanSiro‚Ä¶",0,5,Con_il_Compasso,,False,"[{'screen_name': 'metaanto', 'name': 'antonietta metaüáÆüáπ #Maria #Natale #libert√†', 'id': 2394684582, 'id_str': '2394684582', 'indices': [3, 12]}, {'screen_name': 'VittorioSgarbi', 'name': 'Vittorio Sgarbi', 'id': 201658727, 'id_str': '201658727', 'indices': [20, 35]}]","[{'text': 'SanSiro', 'indices': [131, 139]}]"
29,2022-12-23 09:08:17+00:00,1606215104516788224,"RT @CalcioFinanza: #SanSiro, il Comune approva il documento che richiede nuove modifiche del progetto a #Inter e #Milan: ecco quali sono ht‚Ä¶",0,3,angeloinitaly,"Milan, Lombardy",False,"[{'screen_name': 'CalcioFinanza', 'name': 'Calcio e Finanza', 'id': 1917311582, 'id_str': '1917311582', 'indices': [3, 17]}]","[{'text': 'SanSiro', 'indices': [19, 27]}, {'text': 'Inter', 'indices': [104, 110]}, {'text': 'Milan', 'indices': [113, 119]}]"
30,2022-12-23 09:06:10+00:00,1606214569373962241,"#SanSiro, il Comune approva il documento che richiede nuove modifiche del progetto a #Inter e #Milan: ecco quali sono https://t.co/ByJfr6xUKe https://t.co/j4BMxZIrNR",36,3,CalcioFinanza,Milano,False,[],"[{'text': 'SanSiro', 'indices': [0, 8]}, {'text': 'Inter', 'indices': [85, 91]}, {'text': 'Milan', 'indices': [94, 100]}]"
31,2022-12-23 08:54:51+00:00,1606211724373135361,"E si torna a passare dal via, come a Monopoly. #SanSiro #ComuneDiMilano",1,1,DiaVoltaire,,False,[],"[{'text': 'SanSiro', 'indices': [47, 55]}, {'text': 'ComuneDiMilano', 'indices': [56, 71]}]"
32,2022-12-23 08:00:34+00:00,1606198062992732160,"Nuovo #SanSiro, s√¨ condizionato del Comune a #Milan e #Inter: capienza, verde e prezzi dei biglietti, ecco le richieste https://t.co/tuaDEnrtIw",6,0,cmdotcom,"milano, italia",False,[],"[{'text': 'SanSiro', 'indices': [6, 14]}, {'text': 'Milan', 'indices': [45, 51]}, {'text': 'Inter', 'indices': [54, 60]}]"
33,2022-12-23 04:08:08+00:00,1606139569354821637,RT @Gazzetta_it: Comune di Milano: ok al nuovo stadio ma con pi√π capienza e spazi verdi #sansiro https://t.co/i45CgzWwg5,0,23,TuttoSuMilano,"Milano, Lombardia",False,"[{'screen_name': 'Gazzetta_it', 'name': 'La Gazzetta dello Sport', 'id': 85626417, 'id_str': '85626417', 'indices': [3, 15]}]","[{'text': 'sansiro', 'indices': [88, 96]}]"
34,2022-12-22 23:07:55+00:00,1606064015595094018,"Non mi passa pi√π‚Ä¶ 
Forza Milan!! #SanSiro",2,0,AvvolteR,Hic Sunt Leones,False,[],"[{'text': 'SanSiro', 'indices': [33, 41]}]"
35,2022-12-22 22:06:15+00:00,1606048498146836487,RT @Gazzetta_it: Comune di Milano: ok al nuovo stadio ma con pi√π capienza e spazi verdi #sansiro https://t.co/i45CgzWwg5,0,23,leonzan75,,False,"[{'screen_name': 'Gazzetta_it', 'name': 'La Gazzetta dello Sport', 'id': 85626417, 'id_str': '85626417', 'indices': [3, 15]}]","[{'text': 'sansiro', 'indices': [88, 96]}]"
36,2022-12-22 21:57:40+00:00,1606046339145637890,RT @Gazzetta_it: Comune di Milano: ok al nuovo stadio ma con pi√π capienza e spazi verdi #sansiro https://t.co/i45CgzWwg5,0,23,AndreaBonacalza,,False,"[{'screen_name': 'Gazzetta_it', 'name': 'La Gazzetta dello Sport', 'id': 85626417, 'id_str': '85626417', 'indices': [3, 15]}]","[{'text': 'sansiro', 'indices': [88, 96]}]"
37,2022-12-22 21:55:03+00:00,1606045678307680256,"CALHA SOGNA IN GRANDE üóØ

Il centrocampista #nerazzurro non si nasconde‚ÄºÔ∏è

L‚Äôautore del gol decisivo nella sfida cruciale a #SanSiro contro il #Barcellona, ha poi aggiunto: ‚ÄúQuest‚Äôanno ci credo"" ‚ú®

#sportitalia #championsleague #calhanoglu https://t.co/MahMHJguwA",7,0,tvdellosport,Milano,False,[],"[{'text': 'nerazzurro', 'indices': [43, 54]}]"
38,2022-12-22 21:38:34+00:00,1606041532250718208,RT @Gazzetta_it: Comune di Milano: ok al nuovo stadio ma con pi√π capienza e spazi verdi #sansiro https://t.co/i45CgzWwg5,0,23,Rossonero__1899,,False,"[{'screen_name': 'Gazzetta_it', 'name': 'La Gazzetta dello Sport', 'id': 85626417, 'id_str': '85626417', 'indices': [3, 15]}]","[{'text': 'sansiro', 'indices': [88, 96]}]"
39,2022-12-22 21:37:47+00:00,1606041333130350592,RT @Gazzetta_it: Comune di Milano: ok al nuovo stadio ma con pi√π capienza e spazi verdi #sansiro https://t.co/i45CgzWwg5,0,23,milano948,venezia ,False,"[{'screen_name': 'Gazzetta_it', 'name': 'La Gazzetta dello Sport', 'id': 85626417, 'id_str': '85626417', 'indices': [3, 15]}]","[{'text': 'sansiro', 'indices': [88, 96]}]"
40,2022-12-22 21:27:22+00:00,1606038711623303168,RT @Gazzetta_it: Comune di Milano: ok al nuovo stadio ma con pi√π capienza e spazi verdi #sansiro https://t.co/i45CgzWwg5,0,23,amicieli199810,"Toronto, Ontario",False,"[{'screen_name': 'Gazzetta_it', 'name': 'La Gazzetta dello Sport', 'id': 85626417, 'id_str': '85626417', 'indices': [3, 15]}]","[{'text': 'sansiro', 'indices': [88, 96]}]"
41,2022-12-22 21:25:22+00:00,1606038208667590662,RT @Gazzetta_it: Comune di Milano: ok al nuovo stadio ma con pi√π capienza e spazi verdi #sansiro https://t.co/i45CgzWwg5,0,23,acm1899m,"Milano, Lombardia",False,"[{'screen_name': 'Gazzetta_it', 'name': 'La Gazzetta dello Sport', 'id': 85626417, 'id_str': '85626417', 'indices': [3, 15]}]","[{'text': 'sansiro', 'indices': [88, 96]}]"
42,2022-12-22 21:22:36+00:00,1606037512463400960,RT @Gazzetta_it: Comune di Milano: ok al nuovo stadio ma con pi√π capienza e spazi verdi #sansiro https://t.co/i45CgzWwg5,0,23,FraNasato,,False,"[{'screen_name': 'Gazzetta_it', 'name': 'La Gazzetta dello Sport', 'id': 85626417, 'id_str': '85626417', 'indices': [3, 15]}]","[{'text': 'sansiro', 'indices': [88, 96]}]"
43,2022-12-22 21:22:25+00:00,1606037468750368768,RT @Gazzetta_it: Comune di Milano: ok al nuovo stadio ma con pi√π capienza e spazi verdi #sansiro https://t.co/i45CgzWwg5,0,23,_ElPrincipe22,,False,"[{'screen_name': 'Gazzetta_it', 'name': 'La Gazzetta dello Sport', 'id': 85626417, 'id_str': '85626417', 'indices': [3, 15]}]","[{'text': 'sansiro', 'indices': [88, 96]}]"
44,2022-12-22 21:12:13+00:00,1606034899353235456,RT @Gazzetta_it: Comune di Milano: ok al nuovo stadio ma con pi√π capienza e spazi verdi #sansiro https://t.co/i45CgzWwg5,0,23,YBah96,,False,"[{'screen_name': 'Gazzetta_it', 'name': 'La Gazzetta dello Sport', 'id': 85626417, 'id_str': '85626417', 'indices': [3, 15]}]","[{'text': 'sansiro', 'indices': [88, 96]}]"
45,2022-12-22 21:04:58+00:00,1606033073388236800,RT @Gazzetta_it: Comune di Milano: ok al nuovo stadio ma con pi√π capienza e spazi verdi #sansiro https://t.co/i45CgzWwg5,0,23,ChristianTolve,"Tortona, Piemonte",False,"[{'screen_name': 'Gazzetta_it', 'name': 'La Gazzetta dello Sport', 'id': 85626417, 'id_str': '85626417', 'indices': [3, 15]}]","[{'text': 'sansiro', 'indices': [88, 96]}]"
46,2022-12-22 20:51:08+00:00,1606029596201058304,RT @Gazzetta_it: Comune di Milano: ok al nuovo stadio ma con pi√π capienza e spazi verdi #sansiro https://t.co/i45CgzWwg5,0,23,carm_pana,"Reggio nell'Emilia, Emilia Rom",False,"[{'screen_name': 'Gazzetta_it', 'name': 'La Gazzetta dello Sport', 'id': 85626417, 'id_str': '85626417', 'indices': [3, 15]}]","[{'text': 'sansiro', 'indices': [88, 96]}]"
47,2022-12-22 20:49:45+00:00,1606029247360823296,"üö®CERCO 2 BIGLIETTI COLDPLAY QUALSIASI DATA E 
QUALSIASI POSTO VANNO BENEüö® #Coldplay #cercobiglietti #MusicOfTheSpheresWorldTour #SanSiro",1,0,House_HL,,False,[],"[{'text': 'Coldplay', 'indices': [74, 83]}, {'text': 'cercobiglietti', 'indices': [84, 99]}, {'text': 'MusicOfTheSpheresWorldTour', 'indices': [100, 127]}, {'text': 'SanSiro', 'indices': [128, 136]}]"
48,2022-12-22 20:43:32+00:00,1606027681924976640,RT @Gazzetta_it: Comune di Milano: ok al nuovo stadio ma con pi√π capienza e spazi verdi #sansiro https://t.co/i45CgzWwg5,0,23,saIva___,,False,"[{'screen_name': 'Gazzetta_it', 'name': 'La Gazzetta dello Sport', 'id': 85626417, 'id_str': '85626417', 'indices': [3, 15]}]","[{'text': 'sansiro', 'indices': [88, 96]}]"
49,2022-12-22 20:34:00+00:00,1606025281931714567,"Nuovo #SanSiro, ok ad aumento della capienza e ad aree verdi | News

#ACMilan #Milan #SempreMilan 

https://t.co/iFKvQTyegN",0,0,PianetaMilan,milano,False,[],"[{'text': 'SanSiro', 'indices': [6, 14]}, {'text': 'ACMilan', 'indices': [69, 77]}, {'text': 'Milan', 'indices': [78, 84]}, {'text': 'SempreMilan', 'indices': [85, 97]}]"
50,2022-12-22 20:20:52+00:00,1606021978594254848,"RT @metaanto: Bravo @VittorioSgarbi il PD vuole abbattere lo stadio di San Siro, un simbolo, per favorire la speculazione edilizia #SanSiro‚Ä¶",0,5,Marco98895697,"Voghera, Lombardia",False,"[{'screen_name': 'metaanto', 'name': 'antonietta metaüáÆüáπ #Maria #Natale #libert√†', 'id': 2394684582, 'id_str': '2394684582', 'indices': [3, 12]}, {'screen_name': 'VittorioSgarbi', 'name': 'Vittorio Sgarbi', 'id': 201658727, 'id_str': '201658727', 'indices': [20, 35]}]","[{'text': 'SanSiro', 'indices': [131, 139]}]"
51,2022-12-22 20:17:03+00:00,1606021015342960640,"Bravo @VittorioSgarbi il PD vuole abbattere lo stadio di San Siro, un simbolo, per favorire la speculazione edilizia #SanSiro . 
Sala blocca le auto ma la demolizione dello stadio porterebbe a emissioni pari a 15 anni di smog. Il magico mondo dei SINISTRATI #cinghiali #Zelensky",15,5,metaanto,"Milano, Lombardia",False,"[{'screen_name': 'VittorioSgarbi', 'name': 'Vittorio Sgarbi', 'id': 201658727, 'id_str': '201658727', 'indices': [6, 21]}]",[]
52,2022-12-22 20:08:19+00:00,1606018819960369153,RT @Gazzetta_it: Comune di Milano: ok al nuovo stadio ma con pi√π capienza e spazi verdi #sansiro https://t.co/i45CgzWwg5,0,23,AlanIlMagi,,False,"[{'screen_name': 'Gazzetta_it', 'name': 'La Gazzetta dello Sport', 'id': 85626417, 'id_str': '85626417', 'indices': [3, 15]}]","[{'text': 'sansiro', 'indices': [88, 96]}]"
53,2022-12-22 20:07:59+00:00,1606018737030602753,RT @Gazzetta_it: Comune di Milano: ok al nuovo stadio ma con pi√π capienza e spazi verdi #sansiro https://t.co/i45CgzWwg5,0,23,FeliceRaimondo,Campobasso/Vasto,False,"[{'screen_name': 'Gazzetta_it', 'name': 'La Gazzetta dello Sport', 'id': 85626417, 'id_str': '85626417', 'indices': [3, 15]}]","[{'text': 'sansiro', 'indices': [88, 96]}]"
54,2022-12-22 19:53:44+00:00,1606015149940346885,Comune di Milano: ok al nuovo stadio ma con pi√π capienza e spazi verdi #sansiro https://t.co/i45CgzWwg5,77,23,Gazzetta_it,Italy,False,[],"[{'text': 'sansiro', 'indices': [71, 79]}]"
55,2022-12-22 19:53:06+00:00,1606014990061666309,RT @ASparaciari: Alla fine #Sala si √® preso i voti della destra per far passare l'Odg  schifezza sul nuovo stadio di #SanSiro.,0,1,MariuRo86,,False,"[{'screen_name': 'ASparaciari', 'name': 'andrea sparaciari', 'id': 435095863, 'id_str': '435095863', 'indices': [3, 15]}]","[{'text': 'Sala', 'indices': [27, 32]}, {'text': 'SanSiro', 'indices': [117, 125]}]"
56,2022-12-22 19:51:21+00:00,1606014549974388737,Alla fine #Sala si √® preso i voti della destra per far passare l'Odg  schifezza sul nuovo stadio di #SanSiro.,3,1,ASparaciari,A volte molto scomoda...,False,[],"[{'text': 'Sala', 'indices': [10, 15]}, {'text': 'SanSiro', 'indices': [100, 108]}]"
57,2022-12-22 19:36:41+00:00,1606010858991017985,"#SanSiro, approvato odg nuovo stadio: le richieste a #Inter e #Milan
https://t.co/qk7H6mgOeN",1,0,sportface2016,,False,[],"[{'text': 'SanSiro', 'indices': [0, 8]}, {'text': 'Inter', 'indices': [53, 59]}, {'text': 'Milan', 'indices': [62, 68]}]"
58,2022-12-22 17:45:09+00:00,1605982791044173824,"RT @PianetaMilan: .@NuovoStadioMI, altro capitolo: in programma una discussione in @ComuneMI - #NuovoStadioMilano #NuovoStadio #Stadio #San‚Ä¶",0,1,cielorossonero,,False,"[{'screen_name': 'PianetaMilan', 'name': 'PianetaMilan.it', 'id': 1611429727, 'id_str': '1611429727', 'indices': [3, 16]}, {'screen_name': 'NuovoStadioMI', 'name': 'Nuovo Stadio Milano', 'id': 1149680667313283072, 'id_str': '1149680667313283072', 'indices': [19, 33]}, {'screen_name': 'ComuneMI', 'name': 'Comune di Milano', 'id': 728604452, 'id_str': '728604452', 'indices': [83, 92]}]","[{'text': 'NuovoStadioMilano', 'indices': [95, 113]}, {'text': 'NuovoStadio', 'indices': [114, 126]}, {'text': 'Stadio', 'indices': [127, 134]}]"
59,2022-12-22 17:28:43+00:00,1605978653916950528,"üáÆüáπ SGARBI ‚ÄúPARTITO L‚ÄôITER PER VINCOLARE SAN SIRO‚Äù üö®
Intervistato da #LaRepubblica, Vittorio #Sgarbi ha rivelato che √® partito l‚Äôinter contro la demolizione di #SanSiro, che il sottosegretario alla Cultura definisce ‚Äúil Monumento‚Äù üèüÔ∏è https://t.co/obqS7U8rKj",1,0,surfasport,Italy,False,[],"[{'text': 'LaRepubblica', 'indices': [68, 81]}, {'text': 'Sgarbi', 'indices': [92, 99]}]"
60,2022-12-22 15:17:06+00:00,1605945530080788480,"RT @filoni_diletta: Oggi pomeriggio si sapr√† se il Consiglio comunale di Milano, e quindi il sindaco #Sala, avr√† i numeri per andare avanti‚Ä¶",0,3,MarcoTroiano8,"Foggia, Puglia üî¥‚ö´",False,"[{'screen_name': 'filoni_diletta', 'name': 'Diletta Filoni', 'id': 1366799375855411201, 'id_str': '1366799375855411201', 'indices': [3, 18]}]","[{'text': 'Sala', 'indices': [101, 106]}]"
61,2022-12-22 14:51:29+00:00,1605939085113282562,"RT @filoni_diletta: Oggi pomeriggio si sapr√† se il Consiglio comunale di Milano, e quindi il sindaco #Sala, avr√† i numeri per andare avanti‚Ä¶",0,3,leonzan75,,False,"[{'screen_name': 'filoni_diletta', 'name': 'Diletta Filoni', 'id': 1366799375855411201, 'id_str': '1366799375855411201', 'indices': [3, 18]}]","[{'text': 'Sala', 'indices': [101, 106]}]"
62,2022-12-22 14:35:02+00:00,1605934945184137218,".@NuovoStadioMI, altro capitolo: in programma una discussione in @ComuneMI - #NuovoStadioMilano #NuovoStadio #Stadio #SanSiro @Inter #Inter @acmilan #ACMilan #Milan #SempreMilan 

https://t.co/RdHMkBX1x0",0,1,PianetaMilan,milano,False,"[{'screen_name': 'NuovoStadioMI', 'name': 'Nuovo Stadio Milano', 'id': 1149680667313283072, 'id_str': '1149680667313283072', 'indices': [1, 15]}, {'screen_name': 'ComuneMI', 'name': 'Comune di Milano', 'id': 728604452, 'id_str': '728604452', 'indices': [65, 74]}]","[{'text': 'NuovoStadioMilano', 'indices': [77, 95]}, {'text': 'NuovoStadio', 'indices': [96, 108]}]"
63,2022-12-22 13:21:40+00:00,1605916480339681282,"RT @tutticonvocati: üéôÔ∏è@FrancescoOrdine: ""Se lo stadio non si far√† nuovo a #SanSiro, cosa che ormai mi pare abbastanza evidente, il #Milan f‚Ä¶",0,2,RobertaFazio7,"Capo d'Orlando, Sicilia",False,"[{'screen_name': 'tutticonvocati', 'name': 'Tutti Convocati', 'id': 366604980, 'id_str': '366604980', 'indices': [3, 18]}, {'screen_name': 'FrancescoOrdine', 'name': 'francesco ordine', 'id': 1207709484648468480, 'id_str': '1207709484648468480', 'indices': [22, 38]}]","[{'text': 'SanSiro', 'indices': [74, 82]}, {'text': 'Milan', 'indices': [131, 137]}]"
64,2022-12-22 13:18:09+00:00,1605915595605688320,"RT @tutticonvocati: üéôÔ∏è@FrancescoOrdine: ""Se lo stadio non si far√† nuovo a #SanSiro, cosa che ormai mi pare abbastanza evidente, il #Milan f‚Ä¶",0,2,Zelgadis265,,False,"[{'screen_name': 'tutticonvocati', 'name': 'Tutti Convocati', 'id': 366604980, 'id_str': '366604980', 'indices': [3, 18]}, {'screen_name': 'FrancescoOrdine', 'name': 'francesco ordine', 'id': 1207709484648468480, 'id_str': '1207709484648468480', 'indices': [22, 38]}]","[{'text': 'SanSiro', 'indices': [74, 82]}, {'text': 'Milan', 'indices': [131, 137]}]"
65,2022-12-22 13:17:26+00:00,1605915415288258560,"üéôÔ∏è@FrancescoOrdine: ""Se lo stadio non si far√† nuovo a #SanSiro, cosa che ormai mi pare abbastanza evidente, il #Milan far√† l'impianto da solo a Sesto San Giovanni""",16,2,tutticonvocati,Milano,False,"[{'screen_name': 'FrancescoOrdine', 'name': 'francesco ordine', 'id': 1207709484648468480, 'id_str': '1207709484648468480', 'indices': [2, 18]}]","[{'text': 'SanSiro', 'indices': [54, 62]}]"
66,2022-12-22 11:42:49+00:00,1605891606770581504,"#Antonello, AD dell‚Äô#Inter: ¬´Nuovo #SanSiro? C‚Äô√® un rischio concreto¬ª  https://t.co/GwdxTvJRXC",0,0,Milannews24_com,Milano,False,[],"[{'text': 'Antonello', 'indices': [0, 10]}, {'text': 'Inter', 'indices': [20, 26]}, {'text': 'SanSiro', 'indices': [35, 43]}]"
67,2022-12-22 10:14:29+00:00,1605869375659147264,"RT @filoni_diletta: Oggi pomeriggio si sapr√† se il Consiglio comunale di Milano, e quindi il sindaco #Sala, avr√† i numeri per andare avanti‚Ä¶",0,3,Milanista_Serio,"Toscana, Italia",False,"[{'screen_name': 'filoni_diletta', 'name': 'Diletta Filoni', 'id': 1366799375855411201, 'id_str': '1366799375855411201', 'indices': [3, 18]}]","[{'text': 'Sala', 'indices': [101, 106]}]"
68,2022-12-22 09:57:55+00:00,1605865207796043778,RT @paolopileri_: Ecco la #Milano delle rendite immobiliari al fulmicotone. Delle #olimpiadi26. Dei boschi verticali. Del nuovo #SanSiro. D‚Ä¶,0,26,bonfantigiulio,,False,"[{'screen_name': 'paolopileri_', 'name': 'Paolo Pileri', 'id': 1547192603493470208, 'id_str': '1547192603493470208', 'indices': [3, 16]}]","[{'text': 'Milano', 'indices': [26, 33]}, {'text': 'olimpiadi26', 'indices': [82, 94]}, {'text': 'SanSiro', 'indices': [128, 136]}]"
69,2022-12-22 09:40:18+00:00,1605860775511343107,"Oggi pomeriggio si sapr√† se il Consiglio comunale di Milano, e quindi il sindaco #Sala, avr√† i numeri per andare avanti con il progetto del nuovo #SanSiro. La maggioranza che fa capo √® spaccata, quindi per essere approvato l‚Äôordine del giorno,serve un aiuto dall‚Äôopposizione https://t.co/eY5phVxzpY",14,3,filoni_diletta,"Lecce, Puglia",False,[],"[{'text': 'Sala', 'indices': [81, 86]}]"
70,2022-12-22 05:55:08+00:00,1605804109679906816,"RT @CB_Ignoranza: Buongiorno.

#CampNou #SanSiro #Wembley #Scuola https://t.co/gGOVEUhe8E",0,17,mariopie1,,False,"[{'screen_name': 'CB_Ignoranza', 'name': 'CALCIATORI BRUTTI', 'id': 1243312284, 'id_str': '1243312284', 'indices': [3, 16]}]","[{'text': 'CampNou', 'indices': [31, 39]}, {'text': 'SanSiro', 'indices': [40, 48]}, {'text': 'Wembley', 'indices': [49, 57]}, {'text': 'Scuola', 'indices': [58, 65]}]"
71,2022-12-21 20:19:43+00:00,1605659298423398400,"RT @CB_Ignoranza: Buongiorno.

#CampNou #SanSiro #Wembley #Scuola https://t.co/gGOVEUhe8E",0,17,ArmandaGelsomin,"Los Angeles, CA",False,"[{'screen_name': 'CB_Ignoranza', 'name': 'CALCIATORI BRUTTI', 'id': 1243312284, 'id_str': '1243312284', 'indices': [3, 16]}]","[{'text': 'CampNou', 'indices': [31, 39]}, {'text': 'SanSiro', 'indices': [40, 48]}, {'text': 'Wembley', 'indices': [49, 57]}, {'text': 'Scuola', 'indices': [58, 65]}]"
72,2022-12-21 19:55:12+00:00,1605653128522608640,"RT @CB_Ignoranza: Buongiorno.

#CampNou #SanSiro #Wembley #Scuola https://t.co/gGOVEUhe8E",0,17,ilvantodimilan0,,False,"[{'screen_name': 'CB_Ignoranza', 'name': 'CALCIATORI BRUTTI', 'id': 1243312284, 'id_str': '1243312284', 'indices': [3, 16]}]","[{'text': 'CampNou', 'indices': [31, 39]}, {'text': 'SanSiro', 'indices': [40, 48]}, {'text': 'Wembley', 'indices': [49, 57]}, {'text': 'Scuola', 'indices': [58, 65]}]"
73,2022-12-21 19:25:42+00:00,1605645707351769088,"RT @CB_Ignoranza: Buongiorno.

#CampNou #SanSiro #Wembley #Scuola https://t.co/gGOVEUhe8E",0,17,LorenzoArcuri7,,False,"[{'screen_name': 'CB_Ignoranza', 'name': 'CALCIATORI BRUTTI', 'id': 1243312284, 'id_str': '1243312284', 'indices': [3, 16]}]","[{'text': 'CampNou', 'indices': [31, 39]}, {'text': 'SanSiro', 'indices': [40, 48]}, {'text': 'Wembley', 'indices': [49, 57]}, {'text': 'Scuola', 'indices': [58, 65]}]"
74,2022-12-21 18:58:51+00:00,1605638951280050176,"RT @CB_Ignoranza: Buongiorno.

#CampNou #SanSiro #Wembley #Scuola https://t.co/gGOVEUhe8E",0,17,GiorgioMastroi6,,False,"[{'screen_name': 'CB_Ignoranza', 'name': 'CALCIATORI BRUTTI', 'id': 1243312284, 'id_str': '1243312284', 'indices': [3, 16]}]","[{'text': 'CampNou', 'indices': [31, 39]}, {'text': 'SanSiro', 'indices': [40, 48]}, {'text': 'Wembley', 'indices': [49, 57]}, {'text': 'Scuola', 'indices': [58, 65]}]"
75,2022-12-21 14:53:16+00:00,1605577145220075521,"RT @CB_Ignoranza: Buongiorno.

#CampNou #SanSiro #Wembley #Scuola https://t.co/gGOVEUhe8E",0,17,calciopensieri,,False,"[{'screen_name': 'CB_Ignoranza', 'name': 'CALCIATORI BRUTTI', 'id': 1243312284, 'id_str': '1243312284', 'indices': [3, 16]}]","[{'text': 'CampNou', 'indices': [31, 39]}, {'text': 'SanSiro', 'indices': [40, 48]}, {'text': 'Wembley', 'indices': [49, 57]}, {'text': 'Scuola', 'indices': [58, 65]}]"
76,2022-12-21 14:15:12+00:00,1605567564998127617,"Tutti vogliono mantenere San Siro ma nessuno propone una soluzione per il Comune di Milano ...
#acmilan #milan #sansiro #beppesala https://t.co/T5K9yjby9R",0,0,RossoneroBlog,Italia,False,[],"[{'text': 'acmilan', 'indices': [95, 103]}, {'text': 'milan', 'indices': [104, 110]}]"
77,2022-12-21 13:54:44+00:00,1605562414728101891,"RT @CB_Ignoranza: Buongiorno.

#CampNou #SanSiro #Wembley #Scuola https://t.co/gGOVEUhe8E",0,17,Daniele_asroma9,,False,"[{'screen_name': 'CB_Ignoranza', 'name': 'CALCIATORI BRUTTI', 'id': 1243312284, 'id_str': '1243312284', 'indices': [3, 16]}]","[{'text': 'CampNou', 'indices': [31, 39]}, {'text': 'SanSiro', 'indices': [40, 48]}, {'text': 'Wembley', 'indices': [49, 57]}, {'text': 'Scuola', 'indices': [58, 65]}]"
78,2022-12-21 13:30:32+00:00,1605556325068394497,"RT @CB_Ignoranza: Buongiorno.

#CampNou #SanSiro #Wembley #Scuola https://t.co/gGOVEUhe8E",0,17,libano_proietti,,False,"[{'screen_name': 'CB_Ignoranza', 'name': 'CALCIATORI BRUTTI', 'id': 1243312284, 'id_str': '1243312284', 'indices': [3, 16]}]","[{'text': 'CampNou', 'indices': [31, 39]}, {'text': 'SanSiro', 'indices': [40, 48]}, {'text': 'Wembley', 'indices': [49, 57]}, {'text': 'Scuola', 'indices': [58, 65]}]"
79,2022-12-21 12:19:12+00:00,1605538372650340354,"RT @CB_Ignoranza: Buongiorno.

#CampNou #SanSiro #Wembley #Scuola https://t.co/gGOVEUhe8E",0,17,TchegnonRomario,,False,"[{'screen_name': 'CB_Ignoranza', 'name': 'CALCIATORI BRUTTI', 'id': 1243312284, 'id_str': '1243312284', 'indices': [3, 16]}]","[{'text': 'CampNou', 'indices': [31, 39]}, {'text': 'SanSiro', 'indices': [40, 48]}, {'text': 'Wembley', 'indices': [49, 57]}, {'text': 'Scuola', 'indices': [58, 65]}]"
80,2022-12-21 10:58:12+00:00,1605517987938795521,"RT @PianetaMilan: .@NuovoStadioMI, #Antonello a @SkySport: ""Vogliamo costruire il nuovo #SanSiro"" - #NuovoStadioMilano #NuovoStadio #Stadio‚Ä¶",0,1,cielorossonero,,False,"[{'screen_name': 'PianetaMilan', 'name': 'PianetaMilan.it', 'id': 1611429727, 'id_str': '1611429727', 'indices': [3, 16]}, {'screen_name': 'NuovoStadioMI', 'name': 'Nuovo Stadio Milano', 'id': 1149680667313283072, 'id_str': '1149680667313283072', 'indices': [19, 33]}, {'screen_name': 'SkySport', 'name': 'skysport', 'id': 5894372, 'id_str': '5894372', 'indices': [48, 57]}]","[{'text': 'Antonello', 'indices': [35, 45]}, {'text': 'SanSiro', 'indices': [88, 96]}, {'text': 'NuovoStadioMilano', 'indices': [100, 118]}, {'text': 'NuovoStadio', 'indices': [119, 131]}, {'text': 'Stadio', 'indices': [132, 139]}]"
81,2022-12-21 10:17:27+00:00,1605507734547288064,".@NuovoStadioMI, #Antonello a @SkySport: ""Vogliamo costruire il nuovo #SanSiro"" - #NuovoStadioMilano #NuovoStadio #Stadio @Inter #Inter @acmilan #ACMilan #Milan #SempreMilan 

https://t.co/u1jiiO2eyR",0,1,PianetaMilan,milano,False,"[{'screen_name': 'NuovoStadioMI', 'name': 'Nuovo Stadio Milano', 'id': 1149680667313283072, 'id_str': '1149680667313283072', 'indices': [1, 15]}, {'screen_name': 'SkySport', 'name': 'skysport', 'id': 5894372, 'id_str': '5894372', 'indices': [30, 39]}]","[{'text': 'Antonello', 'indices': [17, 27]}, {'text': 'SanSiro', 'indices': [70, 78]}, {'text': 'NuovoStadioMilano', 'indices': [82, 100]}, {'text': 'NuovoStadio', 'indices': [101, 113]}]"
82,2022-12-21 09:49:54+00:00,1605500803581546496,"RT @CB_Ignoranza: Buongiorno.

#CampNou #SanSiro #Wembley #Scuola https://t.co/gGOVEUhe8E",0,17,MauroReg123,,False,"[{'screen_name': 'CB_Ignoranza', 'name': 'CALCIATORI BRUTTI', 'id': 1243312284, 'id_str': '1243312284', 'indices': [3, 16]}]","[{'text': 'CampNou', 'indices': [31, 39]}, {'text': 'SanSiro', 'indices': [40, 48]}, {'text': 'Wembley', 'indices': [49, 57]}, {'text': 'Scuola', 'indices': [58, 65]}]"
83,2022-12-21 09:17:07+00:00,1605492549451251719,"@90ordnasselA Godrei come un riccio! Alla faccia del @ComuneMI, del sindaco @BeppeSala, del comitato RadicalChic SanSiro, delle istituzioni nazionali che vogliono vincolare quella montagna di cemento che √® #SanSiro! SPERIAMO ü§û",0,0,_Sim_Al_Bar,,False,"[{'screen_name': '90ordnasselA', 'name': 'Alessandro', 'id': 1178522325987319808, 'id_str': '1178522325987319808', 'indices': [0, 13]}, {'screen_name': 'ComuneMI', 'name': 'Comune di Milano', 'id': 728604452, 'id_str': '728604452', 'indices': [53, 62]}, {'screen_name': 'BeppeSala', 'name': 'Beppe Sala', 'id': 4524412653, 'id_str': '4524412653', 'indices': [76, 86]}]",[]
84,2022-12-21 09:16:46+00:00,1605492462323175425,"RT @CB_Ignoranza: Buongiorno.

#CampNou #SanSiro #Wembley #Scuola https://t.co/gGOVEUhe8E",0,17,Marco5559828494,,False,"[{'screen_name': 'CB_Ignoranza', 'name': 'CALCIATORI BRUTTI', 'id': 1243312284, 'id_str': '1243312284', 'indices': [3, 16]}]","[{'text': 'CampNou', 'indices': [31, 39]}, {'text': 'SanSiro', 'indices': [40, 48]}, {'text': 'Wembley', 'indices': [49, 57]}, {'text': 'Scuola', 'indices': [58, 65]}]"
85,2022-12-21 08:59:01+00:00,1605487996190355457,"RT @CB_Ignoranza: Buongiorno.

#CampNou #SanSiro #Wembley #Scuola https://t.co/gGOVEUhe8E",0,17,araalee___,milano/messina,False,"[{'screen_name': 'CB_Ignoranza', 'name': 'CALCIATORI BRUTTI', 'id': 1243312284, 'id_str': '1243312284', 'indices': [3, 16]}]","[{'text': 'CampNou', 'indices': [31, 39]}, {'text': 'SanSiro', 'indices': [40, 48]}, {'text': 'Wembley', 'indices': [49, 57]}, {'text': 'Scuola', 'indices': [58, 65]}]"
86,2022-12-21 08:07:17+00:00,1605474977381089280,"RT @CB_Ignoranza: Buongiorno.

#CampNou #SanSiro #Wembley #Scuola https://t.co/gGOVEUhe8E",0,17,IlarioMoro,"Villorba, Veneto",False,"[{'screen_name': 'CB_Ignoranza', 'name': 'CALCIATORI BRUTTI', 'id': 1243312284, 'id_str': '1243312284', 'indices': [3, 16]}]","[{'text': 'CampNou', 'indices': [31, 39]}, {'text': 'SanSiro', 'indices': [40, 48]}, {'text': 'Wembley', 'indices': [49, 57]}, {'text': 'Scuola', 'indices': [58, 65]}]"
87,2022-12-21 07:50:55+00:00,1605470859367518209,"RT @CB_Ignoranza: Buongiorno.

#CampNou #SanSiro #Wembley #Scuola https://t.co/gGOVEUhe8E",0,17,nerditudine,"Santa Maria di Sala, Veneto",False,"[{'screen_name': 'CB_Ignoranza', 'name': 'CALCIATORI BRUTTI', 'id': 1243312284, 'id_str': '1243312284', 'indices': [3, 16]}]","[{'text': 'CampNou', 'indices': [31, 39]}, {'text': 'SanSiro', 'indices': [40, 48]}, {'text': 'Wembley', 'indices': [49, 57]}, {'text': 'Scuola', 'indices': [58, 65]}]"
88,2022-12-21 07:48:48+00:00,1605470327643013121,"Buongiorno.

#CampNou #SanSiro #Wembley #Scuola https://t.co/gGOVEUhe8E",643,17,CB_Ignoranza,info@calciatoribrutti.com,False,[],"[{'text': 'CampNou', 'indices': [13, 21]}, {'text': 'SanSiro', 'indices': [22, 30]}, {'text': 'Wembley', 'indices': [31, 39]}, {'text': 'Scuola', 'indices': [40, 47]}]"
89,2022-12-21 07:44:04+00:00,1605469135181324288,"RT @NonEvoluto: #LaRussa ""...e l'altro lo tiene l'#Inter"", riferendosi a #SanSiro.
Chi coprirebbe il mancato incasso della quota d'affitto‚Ä¶",0,2,ducciosiena,,False,"[{'screen_name': 'NonEvoluto', 'name': 'Alessandro Jacobone - Milanisti NE', 'id': 1437056107, 'id_str': '1437056107', 'indices': [3, 14]}]","[{'text': 'LaRussa', 'indices': [16, 24]}, {'text': 'Inter', 'indices': [50, 56]}, {'text': 'SanSiro', 'indices': [73, 81]}]"
90,2022-12-21 05:19:12+00:00,1605432678861488128,"Stadio da soli a Sesto @acmilan, veloci cribbioooo.
#Milano #SanSiro",3,0,WaltWhite2016,,False,"[{'screen_name': 'acmilan', 'name': 'AC Milan', 'id': 186386857, 'id_str': '186386857', 'indices': [23, 31]}]","[{'text': 'Milano', 'indices': [52, 59]}, {'text': 'SanSiro', 'indices': [60, 68]}]"
91,2022-12-20 22:06:53+00:00,1605323880716939264,"RT @filoni_diletta: #Antonello: ""Se ci fossero indicazioni contrarie alla costruzione del nuovo #SanSiro in quella zona, metteremmo in prat‚Ä¶",0,1,MarcoTroiano8,"Foggia, Puglia üî¥‚ö´",False,"[{'screen_name': 'filoni_diletta', 'name': 'Diletta Filoni', 'id': 1366799375855411201, 'id_str': '1366799375855411201', 'indices': [3, 18]}]","[{'text': 'Antonello', 'indices': [20, 30]}, {'text': 'SanSiro', 'indices': [96, 104]}]"
92,2022-12-20 21:42:32+00:00,1605317753128321024,"#Antonello: ""Se ci fossero indicazioni contrarie alla costruzione del nuovo #SanSiro in quella zona, metteremmo in pratica il piano B che punta alla costruzione di un nuovo impianto da un'altra parte. Abbiamo identificato alcune aree""

[@SkySport] https://t.co/K3qYKldg60",6,1,filoni_diletta,"Lecce, Puglia",False,[],"[{'text': 'Antonello', 'indices': [0, 10]}, {'text': 'SanSiro', 'indices': [76, 84]}]"
93,2022-12-20 19:58:36+00:00,1605291597163565056,@mm58185186 #SanSiro produce gi√† un negativo nonostante i due affitti. Il Comune non pu√≤ permettersi ulteriori emorragie.,0,0,NonEvoluto,,False,"[{'screen_name': 'mm58185186', 'name': 'mm', 'id': 1248672507311333376, 'id_str': '1248672507311333376', 'indices': [0, 11]}]","[{'text': 'SanSiro', 'indices': [12, 20]}]"
94,2022-12-20 17:36:41+00:00,1605255882467446784,"RT @MilanPress_it: #Sala sul nuovo #SanSiro: ""Non penso ci siano pi√π parole da spendere: c'√® da agire. Non cambier√≤ la mia opinione..."" üéôÔ∏è‚Ä¶",0,1,cielorossonero,,False,"[{'screen_name': 'MilanPress_it', 'name': 'MilanPress.it', 'id': 401554905, 'id_str': '401554905', 'indices': [3, 17]}]","[{'text': 'Sala', 'indices': [19, 24]}, {'text': 'SanSiro', 'indices': [35, 43]}]"
95,2022-12-20 17:07:42+00:00,1605248589332086784,"#Sala sul nuovo #SanSiro: ""Non penso ci siano pi√π parole da spendere: c'√® da agire. Non cambier√≤ la mia opinione..."" üéôÔ∏è

https://t.co/MLcJ1tnz2J",0,1,MilanPress_it,Milano,False,[],"[{'text': 'Sala', 'indices': [0, 5]}, {'text': 'SanSiro', 'indices': [16, 24]}]"
96,2022-12-20 16:53:51+00:00,1605245103630696454,"üö®üó£Ô∏è Stadio #SanSiro, la lettera d‚Äôindignazione di Vittorio #Sgarbi 

üëáTutti i dettagli 

#italia #news #20dicembre https://t.co/Coooh9phNF",0,0,RedaFree_it,Italia,False,[],"[{'text': 'SanSiro', 'indices': [11, 19]}, {'text': 'Sgarbi', 'indices': [59, 66]}, {'text': 'italia', 'indices': [89, 96]}, {'text': 'news', 'indices': [97, 102]}, {'text': '20dicembre', 'indices': [103, 114]}]"
97,2022-12-20 16:49:01+00:00,1605243885948751872,RT @paolopileri_: Ecco la #Milano delle rendite immobiliari al fulmicotone. Delle #olimpiadi26. Dei boschi verticali. Del nuovo #SanSiro. D‚Ä¶,0,26,ELuckshots,"Catania, Sicily",False,"[{'screen_name': 'paolopileri_', 'name': 'Paolo Pileri', 'id': 1547192603493470208, 'id_str': '1547192603493470208', 'indices': [3, 16]}]","[{'text': 'Milano', 'indices': [26, 33]}, {'text': 'olimpiadi26', 'indices': [82, 94]}, {'text': 'SanSiro', 'indices': [128, 136]}]"
98,2022-12-20 16:38:40+00:00,1605241282779136001,"RT @NonEvoluto: #LaRussa ""...e l'altro lo tiene l'#Inter"", riferendosi a #SanSiro.
Chi coprirebbe il mancato incasso della quota d'affitto‚Ä¶",0,2,milaneesta21,"Padova, Veneto",False,"[{'screen_name': 'NonEvoluto', 'name': 'Alessandro Jacobone - Milanisti NE', 'id': 1437056107, 'id_str': '1437056107', 'indices': [3, 14]}]","[{'text': 'LaRussa', 'indices': [16, 24]}, {'text': 'Inter', 'indices': [50, 56]}, {'text': 'SanSiro', 'indices': [73, 81]}]"
99,2022-12-20 16:20:14+00:00,1605236643765850117,"#LaRussa ""...e l'altro lo tiene l'#Inter"", riferendosi a #SanSiro.
Chi coprirebbe il mancato incasso della quota d'affitto dei rossoneri? Il Comune non sarebbe in grado di mantenere #SanSiro con un solo fruitore, peraltro non in buone acque finanziarie. Boutade da pizzeria üôÑ https://t.co/KrlzWPYiFo",70,2,NonEvoluto,,False,[],"[{'text': 'LaRussa', 'indices': [0, 8]}, {'text': 'Inter', 'indices': [34, 40]}, {'text': 'SanSiro', 'indices': [57, 65]}]"
100,2022-12-20 15:40:50+00:00,1605226727126581248,RT @paolopileri_: Ecco la #Milano delle rendite immobiliari al fulmicotone. Delle #olimpiadi26. Dei boschi verticali. Del nuovo #SanSiro. D‚Ä¶,0,26,DIANATOTO,Italia,False,"[{'screen_name': 'paolopileri_', 'name': 'Paolo Pileri', 'id': 1547192603493470208, 'id_str': '1547192603493470208', 'indices': [3, 16]}]","[{'text': 'Milano', 'indices': [26, 33]}, {'text': 'olimpiadi26', 'indices': [82, 94]}, {'text': 'SanSiro', 'indices': [128, 136]}]"
101,2022-12-20 14:16:35+00:00,1605205526333517824,"Nuovo #SanSiro, il masterplan non convince: tutte le modifiche allo studio per il Consiglio di gioved√¨ https://t.co/s4uMolC98E",5,0,cmdotcom,"milano, italia",False,[],"[{'text': 'SanSiro', 'indices': [6, 14]}]"
102,2022-12-20 13:49:11+00:00,1605198629769289736,RT @colomboclerici: I #Milanesi non hanno interesse che si ponga la questione della #Storicitarelazionale o meno dello #StadioSanSiro #SanS‚Ä¶,0,1,Assoedilizia,,False,"[{'screen_name': 'colomboclerici', 'name': 'Achille Colombo Clerici', 'id': 1181562959379783680, 'id_str': '1181562959379783680', 'indices': [3, 18]}]","[{'text': 'Milanesi', 'indices': [22, 31]}, {'text': 'Storicitarelazionale', 'indices': [84, 105]}, {'text': 'StadioSanSiro', 'indices': [119, 133]}]"
103,2022-12-20 13:29:41+00:00,1605193725214334977,"RT @sportface2016: #SanSiro, il sindaco #Sala: ‚Äú#Sgarbi? Non ho pi√π parole da spendere‚Äù

https://t.co/rItVWBJ6tE",0,1,EnricoAntonio68,,False,"[{'screen_name': 'sportface2016', 'name': 'Sportface', 'id': 4843529163, 'id_str': '4843529163', 'indices': [3, 17]}]","[{'text': 'SanSiro', 'indices': [19, 27]}, {'text': 'Sala', 'indices': [40, 45]}, {'text': 'Sgarbi', 'indices': [48, 55]}]"
104,2022-12-20 13:28:47+00:00,1605193496238985217,"#SanSiro, il sindaco #Sala: ‚Äú#Sgarbi? Non ho pi√π parole da spendere‚Äù

https://t.co/rItVWBJ6tE",4,1,sportface2016,,False,[],"[{'text': 'SanSiro', 'indices': [0, 8]}, {'text': 'Sala', 'indices': [21, 26]}, {'text': 'Sgarbi', 'indices': [29, 36]}]"
105,2022-12-20 12:01:53+00:00,1605171628442255363,I #Milanesi non hanno interesse che si ponga la questione della #Storicitarelazionale o meno dello #StadioSanSiro #SanSiro  bloccando forti #investimentistranieri sul territorio.Hanno interesse che #Milano prosperi anche grazie all‚Äôapporto di questi #InvestitoriStranieri https://t.co/Tq8xxvc35C,6,1,colomboclerici,,False,[],"[{'text': 'Milanesi', 'indices': [2, 11]}, {'text': 'Storicitarelazionale', 'indices': [64, 85]}, {'text': 'StadioSanSiro', 'indices': [99, 113]}]"
106,2022-12-20 11:41:52+00:00,1605166590013673475,"RT @RadioRossonera: C'√® attesa per le nuove richieste di modifica al progetto di #SanSiro: gioved√¨ la decisione del Comune di Milano üèüÔ∏èüëá

h‚Ä¶",0,3,RadiorossoneraF,"Paris, France",False,"[{'screen_name': 'RadioRossonera', 'name': 'Radio Rossonera', 'id': 867461737716600834, 'id_str': '867461737716600834', 'indices': [3, 18]}]","[{'text': 'SanSiro', 'indices': [81, 89]}]"
107,2022-12-20 11:40:30+00:00,1605166246357606400,"C'√® attesa per le nuove richieste di modifica al progetto di #SanSiro: gioved√¨ la decisione del Comune di Milano üèüÔ∏èüëá

https://t.co/BlsAyqGnfX",5,3,RadioRossonera,"Milano, Lombardia",False,[],"[{'text': 'SanSiro', 'indices': [61, 69]}]"
108,2022-12-20 11:32:50+00:00,1605164317229334529,"Ricorderemo perplessi copertine e servizi di un nuovo immaginifico stadio a #sansiro, e l'abbattimento del #Meazza. Era un bluff, #Inter e #Milan faticano a pagare l'affitto per giocare a #Milano e hanno tentato di spacciarsi per investitori davanti a tifosi e cittadini.",0,0,LevatiSirio,Italia,False,[],"[{'text': 'sansiro', 'indices': [76, 84]}, {'text': 'Meazza', 'indices': [107, 114]}]"
109,2022-12-20 09:18:36+00:00,1605130535835246593,"RT @CalcioFinanza: #SanSiro, gioved√¨ snodo in Consiglio comunale sul progetto: ecco le modifiche sul tavolo
https://t.co/eTuwrdQt7Q https:/‚Ä¶",0,1,MOrru84,"Sardegna, Italia",False,"[{'screen_name': 'CalcioFinanza', 'name': 'Calcio e Finanza', 'id': 1917311582, 'id_str': '1917311582', 'indices': [3, 17]}]","[{'text': 'SanSiro', 'indices': [19, 27]}]"
110,2022-12-20 09:06:44+00:00,1605127550170271745,"#SanSiro, gioved√¨ snodo in Consiglio comunale sul progetto: ecco le modifiche sul tavolo
https://t.co/eTuwrdQt7Q https://t.co/5zRvBgYapT",10,1,CalcioFinanza,Milano,False,[],"[{'text': 'SanSiro', 'indices': [0, 8]}]"
111,2022-12-20 07:58:19+00:00,1605110332648673285,"Nella vicenda #Meazza a #sansiro, tutta la storia finta di veri progetti speculativi a spese dei cittadini, il ruolo del Comune di #Milano √® un buon esempio di cattivo esempio amministrativo. Politici e amministratori che usano risorse pubbliche su una falsa pista molto evidente.",0,0,LevatiSirio,Italia,False,[],"[{'text': 'Meazza', 'indices': [14, 21]}, {'text': 'sansiro', 'indices': [24, 32]}]"
112,2022-12-20 01:14:13+00:00,1605008637826564096,RT @paolopileri_: Ecco la #Milano delle rendite immobiliari al fulmicotone. Delle #olimpiadi26. Dei boschi verticali. Del nuovo #SanSiro. D‚Ä¶,0,26,Piero91127762,,False,"[{'screen_name': 'paolopileri_', 'name': 'Paolo Pileri', 'id': 1547192603493470208, 'id_str': '1547192603493470208', 'indices': [3, 16]}]","[{'text': 'Milano', 'indices': [26, 33]}, {'text': 'olimpiadi26', 'indices': [82, 94]}, {'text': 'SanSiro', 'indices': [128, 136]}]"
113,2022-12-19 21:51:09+00:00,1604957535886139414,RT @paolopileri_: Ecco la #Milano delle rendite immobiliari al fulmicotone. Delle #olimpiadi26. Dei boschi verticali. Del nuovo #SanSiro. D‚Ä¶,0,26,NOprisonersEVER,"Giurassico medio, Sud ",False,"[{'screen_name': 'paolopileri_', 'name': 'Paolo Pileri', 'id': 1547192603493470208, 'id_str': '1547192603493470208', 'indices': [3, 16]}]","[{'text': 'Milano', 'indices': [26, 33]}, {'text': 'olimpiadi26', 'indices': [82, 94]}, {'text': 'SanSiro', 'indices': [128, 136]}]"
114,2022-12-19 21:42:02+00:00,1604955239358300160,RT @paolopileri_: Ecco la #Milano delle rendite immobiliari al fulmicotone. Delle #olimpiadi26. Dei boschi verticali. Del nuovo #SanSiro. D‚Ä¶,0,26,spaghettidba,Italy,False,"[{'screen_name': 'paolopileri_', 'name': 'Paolo Pileri', 'id': 1547192603493470208, 'id_str': '1547192603493470208', 'indices': [3, 16]}]","[{'text': 'Milano', 'indices': [26, 33]}, {'text': 'olimpiadi26', 'indices': [82, 94]}, {'text': 'SanSiro', 'indices': [128, 136]}]"
115,2022-12-19 21:34:16+00:00,1604953285831856128,RT @paolopileri_: Ecco la #Milano delle rendite immobiliari al fulmicotone. Delle #olimpiadi26. Dei boschi verticali. Del nuovo #SanSiro. D‚Ä¶,0,26,valfurla,,False,"[{'screen_name': 'paolopileri_', 'name': 'Paolo Pileri', 'id': 1547192603493470208, 'id_str': '1547192603493470208', 'indices': [3, 16]}]","[{'text': 'Milano', 'indices': [26, 33]}, {'text': 'olimpiadi26', 'indices': [82, 94]}, {'text': 'SanSiro', 'indices': [128, 136]}]"
116,2022-12-19 21:01:14+00:00,1604944971186200576,"#larussa : ""A Milano vorrei due Stadi. #SanSiro non va abbattuto"" @acmilan #milan #SempreMilan 
https://t.co/ZvhvfGqpQY",1,0,PianetaMilan,milano,False,"[{'screen_name': 'acmilan', 'name': 'AC Milan', 'id': 186386857, 'id_str': '186386857', 'indices': [66, 74]}]","[{'text': 'larussa', 'indices': [0, 8]}, {'text': 'SanSiro', 'indices': [39, 47]}, {'text': 'milan', 'indices': [75, 81]}, {'text': 'SempreMilan', 'indices': [82, 94]}]"
117,2022-12-19 20:20:57+00:00,1604934835784523779,RT @paolopileri_: Ecco la #Milano delle rendite immobiliari al fulmicotone. Delle #olimpiadi26. Dei boschi verticali. Del nuovo #SanSiro. D‚Ä¶,0,26,trecastoldi,,False,"[{'screen_name': 'paolopileri_', 'name': 'Paolo Pileri', 'id': 1547192603493470208, 'id_str': '1547192603493470208', 'indices': [3, 16]}]","[{'text': 'Milano', 'indices': [26, 33]}, {'text': 'olimpiadi26', 'indices': [82, 94]}, {'text': 'SanSiro', 'indices': [128, 136]}]"
118,2022-12-19 19:45:19+00:00,1604925865267064833,RT @paolopileri_: Ecco la #Milano delle rendite immobiliari al fulmicotone. Delle #olimpiadi26. Dei boschi verticali. Del nuovo #SanSiro. D‚Ä¶,0,26,MicheleLoRe5,"Termini Imerese, Sicilia",False,"[{'screen_name': 'paolopileri_', 'name': 'Paolo Pileri', 'id': 1547192603493470208, 'id_str': '1547192603493470208', 'indices': [3, 16]}]","[{'text': 'Milano', 'indices': [26, 33]}, {'text': 'olimpiadi26', 'indices': [82, 94]}, {'text': 'SanSiro', 'indices': [128, 136]}]"
119,2022-12-19 19:44:24+00:00,1604925636937654302,RT @paolopileri_: Ecco la #Milano delle rendite immobiliari al fulmicotone. Delle #olimpiadi26. Dei boschi verticali. Del nuovo #SanSiro. D‚Ä¶,0,26,radiondadurto,"Brescia, Milano, Trento &...",False,"[{'screen_name': 'paolopileri_', 'name': 'Paolo Pileri', 'id': 1547192603493470208, 'id_str': '1547192603493470208', 'indices': [3, 16]}]","[{'text': 'Milano', 'indices': [26, 33]}, {'text': 'olimpiadi26', 'indices': [82, 94]}, {'text': 'SanSiro', 'indices': [128, 136]}]"
120,2022-12-19 17:20:20+00:00,1604889383127113728,"‚ÄúChe bisogno c‚Äô√® di distruggere #SanSiro il cui costo per demolirlo sarebbe altissimo? Due stadi sono meglio di uno e se il #Milan vuole uno stadio a Sesto San Giovanni se lo pu√≤ fare mandare pronto e impacchettato dal Qatar‚Äù.
L‚Äôinterista nonch√© pres del senato La Russa.",1,0,LMilan_07,"Milano, Lombardia",False,[],"[{'text': 'SanSiro', 'indices': [32, 40]}]"
121,2022-12-19 14:36:00+00:00,1604848025599459328,"RT @PianetaMilan: .@NuovoStadioMI, proposti dei paletti al progetto di @acmilan e @Inter - #NuovoStadioMilano #NuovoStadio #Stadio #SanSiro‚Ä¶",0,1,triolo_daniele,"Sabaudia, Lazio",False,"[{'screen_name': 'PianetaMilan', 'name': 'PianetaMilan.it', 'id': 1611429727, 'id_str': '1611429727', 'indices': [3, 16]}, {'screen_name': 'NuovoStadioMI', 'name': 'Nuovo Stadio Milano', 'id': 1149680667313283072, 'id_str': '1149680667313283072', 'indices': [19, 33]}, {'screen_name': 'acmilan', 'name': 'AC Milan', 'id': 186386857, 'id_str': '186386857', 'indices': [71, 79]}, {'screen_name': 'Inter', 'name': 'Inter', 'id': 124450567, 'id_str': '124450567', 'indices': [82, 88]}]","[{'text': 'NuovoStadioMilano', 'indices': [91, 109]}, {'text': 'NuovoStadio', 'indices': [110, 122]}, {'text': 'Stadio', 'indices': [123, 130]}, {'text': 'SanSiro', 'indices': [131, 139]}]"
122,2022-12-19 14:32:00+00:00,1604847018177855490,RT @paolopileri_: Ecco la #Milano delle rendite immobiliari al fulmicotone. Delle #olimpiadi26. Dei boschi verticali. Del nuovo #SanSiro. D‚Ä¶,0,26,ES1670,,False,"[{'screen_name': 'paolopileri_', 'name': 'Paolo Pileri', 'id': 1547192603493470208, 'id_str': '1547192603493470208', 'indices': [3, 16]}]","[{'text': 'Milano', 'indices': [26, 33]}, {'text': 'olimpiadi26', 'indices': [82, 94]}, {'text': 'SanSiro', 'indices': [128, 136]}]"
123,2022-12-19 14:31:08+00:00,1604846798807666688,".@NuovoStadioMI, proposti dei paletti al progetto di @acmilan e @Inter - #NuovoStadioMilano #NuovoStadio #Stadio #SanSiro #ACMilan #Milan #SempreMilan 

https://t.co/CBBOE6tvfk",1,1,PianetaMilan,milano,False,"[{'screen_name': 'NuovoStadioMI', 'name': 'Nuovo Stadio Milano', 'id': 1149680667313283072, 'id_str': '1149680667313283072', 'indices': [1, 15]}, {'screen_name': 'acmilan', 'name': 'AC Milan', 'id': 186386857, 'id_str': '186386857', 'indices': [53, 61]}, {'screen_name': 'Inter', 'name': 'Inter', 'id': 124450567, 'id_str': '124450567', 'indices': [64, 70]}]","[{'text': 'NuovoStadioMilano', 'indices': [73, 91]}, {'text': 'NuovoStadio', 'indices': [92, 104]}, {'text': 'Stadio', 'indices': [105, 112]}]"
124,2022-12-19 12:32:06+00:00,1604816845005279232,"Idee per #Sansiro, il Qatar metter√† in vendita gli stadi del mondiale come usato garantito üòâ",0,0,ZambonSte,,False,[],"[{'text': 'Sansiro', 'indices': [9, 17]}]"
125,2022-12-19 12:12:02+00:00,1604811794350223360,Stadio #Inter e #Milan: gioved√¨ nuovi paletti dal comune. Altro rischio #Soprintendenza per l'abbattimento di #SanSiro https://t.co/oltK3U2LCt,7,0,cmdotcom,"milano, italia",False,[],"[{'text': 'Inter', 'indices': [7, 13]}, {'text': 'Milan', 'indices': [16, 22]}, {'text': 'Soprintendenza', 'indices': [72, 87]}]"
126,2022-12-19 10:25:17+00:00,1604784930168242176,La sparata sul vincolo di san siro √® solo un attacco politico a Sala.Del vecchio san siro non c'√® pi√π niente e Sgarbi lo sa.Sgarbi si occupi di arte e cultura  #sansiro #stadiointermilan #stadiomeazza,0,0,tony_wonder77,"Lazio, Italia",False,[],[]
127,2022-12-19 10:09:39+00:00,1604780994988593155,"üèü Vittorio Sgarbi su #SanSiro : ""Stiamo preparando un vincolo per tutelare il monumento.""

@MarcoBarzaghi - @barzacom_ 

https://t.co/IVGEgjlBRC",0,0,barzacom_,"Milano, Lombardia",False,"[{'screen_name': 'MarcoBarzaghi', 'name': 'Marco Barzaghi', 'id': 78672907, 'id_str': '78672907', 'indices': [91, 105]}]","[{'text': 'SanSiro', 'indices': [21, 29]}]"
128,2022-12-19 09:26:23+00:00,1604770106936119299,Auto ticinese nel dirupo: ¬´Un colpo di sonno¬ª #auto   #colposonno  #sansiro  #ticino https://t.co/UONHTdpg5b,1,0,Ticinonline,Ticino - Switzerland,False,[],"[{'text': 'auto', 'indices': [46, 51]}, {'text': 'colposonno', 'indices': [54, 65]}, {'text': 'sansiro', 'indices': [67, 75]}, {'text': 'ticino', 'indices': [77, 84]}]"
129,2022-12-19 09:24:01+00:00,1604769511290331136,"Ma che belli tutti questi difensori del ""bello"". Vecchi tromboni stonati che si godranno una cattedrale vuota e costosa.

#Inter #Milan #Milano

 #SanSiro, la lettera di #Sgarbi: ¬´√à un pezzo di storia. Salvarlo non √® un capriccio ma un obbligo di legge¬ª https://t.co/jssNW3Jqmq",0,0,WillyWallyIta,Italia,False,[],[]
130,2022-12-19 09:07:07+00:00,1604765257284685824,RT @paolopileri_: Ecco la #Milano delle rendite immobiliari al fulmicotone. Delle #olimpiadi26. Dei boschi verticali. Del nuovo #SanSiro. D‚Ä¶,0,26,FaccioTommaso,,False,"[{'screen_name': 'paolopileri_', 'name': 'Paolo Pileri', 'id': 1547192603493470208, 'id_str': '1547192603493470208', 'indices': [3, 16]}]","[{'text': 'Milano', 'indices': [26, 33]}, {'text': 'olimpiadi26', 'indices': [82, 94]}, {'text': 'SanSiro', 'indices': [128, 136]}]"
131,2022-12-19 07:09:07+00:00,1604735564812632064,"RT @tempoweb: Vittorio #Sgarbi manda nel panico #Inter e #Milan: ‚ÄúPronto il vincolo su #SanSiro, no alla demolizione‚Äù #stadio #calcio #mila‚Ä¶",0,2,cristiansabau1,"Pitesti, Arges, Romania ",False,"[{'screen_name': 'tempoweb', 'name': 'IL TEMPO', 'id': 78567974, 'id_str': '78567974', 'indices': [3, 12]}]","[{'text': 'Sgarbi', 'indices': [23, 30]}, {'text': 'Inter', 'indices': [48, 54]}, {'text': 'Milan', 'indices': [57, 63]}, {'text': 'SanSiro', 'indices': [87, 95]}, {'text': 'stadio', 'indices': [118, 125]}, {'text': 'calcio', 'indices': [126, 133]}]"
132,2022-12-19 07:05:23+00:00,1604734625376481280,RT @paolopileri_: Ecco la #Milano delle rendite immobiliari al fulmicotone. Delle #olimpiadi26. Dei boschi verticali. Del nuovo #SanSiro. D‚Ä¶,0,26,AlfioMarciante,,False,"[{'screen_name': 'paolopileri_', 'name': 'Paolo Pileri', 'id': 1547192603493470208, 'id_str': '1547192603493470208', 'indices': [3, 16]}]","[{'text': 'Milano', 'indices': [26, 33]}, {'text': 'olimpiadi26', 'indices': [82, 94]}, {'text': 'SanSiro', 'indices': [128, 136]}]"
133,2022-12-18 14:02:32+00:00,1604477213688139777,"RT @MiTomorrow: ¬´UN VINCOLO SUL MEAZZA¬ª

Vittorio Sgarbi ha preannunciato un provvedimento per salvare lo stadio di San Siro

#Milano #SanS‚Ä¶",0,1,Pradivio,Milano,False,"[{'screen_name': 'MiTomorrow', 'name': 'Mi-Tomorrow', 'id': 3775808595, 'id_str': '3775808595', 'indices': [3, 14]}]","[{'text': 'Milano', 'indices': [126, 133]}]"
134,2022-12-18 14:02:15+00:00,1604477144905785345,"RT @MiTomorrow: La volta buona? ‚¨áÔ∏è

#milano #sansiro
https://t.co/OoDpbnRPdV",0,1,Pradivio,Milano,False,"[{'screen_name': 'MiTomorrow', 'name': 'Mi-Tomorrow', 'id': 3775808595, 'id_str': '3775808595', 'indices': [3, 14]}]","[{'text': 'milano', 'indices': [36, 43]}, {'text': 'sansiro', 'indices': [44, 52]}]"
135,2022-12-18 11:51:04+00:00,1604444129899028480,"@bobocraxi Io penso che #SanSiro non sia affatto un monumento!
Questa mania tutta italiana a conservare tutto non ha senso!",1,0,MaximilianDolce,"Palestrina, Lazio",False,"[{'screen_name': 'bobocraxi', 'name': 'Bobo Craxi', 'id': 423281726, 'id_str': '423281726', 'indices': [0, 10]}]","[{'text': 'SanSiro', 'indices': [24, 32]}]"
136,2022-12-18 07:21:24+00:00,1604376267259781121,RT @NicolaPorro: Io mio amico @VittorioSgarbi su #SanSiro ha una posizione precisa: vincolarlo. Secondo me sbaglia e qui gli spiego perch√©‚Ä¶,0,3,buronjek,,False,"[{'screen_name': 'NicolaPorro', 'name': 'Nicola Porro', 'id': 399004979, 'id_str': '399004979', 'indices': [3, 15]}, {'screen_name': 'VittorioSgarbi', 'name': 'Vittorio Sgarbi', 'id': 201658727, 'id_str': '201658727', 'indices': [30, 45]}]","[{'text': 'SanSiro', 'indices': [49, 57]}]"
137,2022-12-18 07:21:18+00:00,1604376240546258945,"RT @NicolaPorro: Caro Vittorio, ecco perch√© questa volta non sono d‚Äôaccordo con te üëá

#SanSiro #Sgarbi

https://t.co/SWpjkUK0zY",0,4,buronjek,,False,"[{'screen_name': 'NicolaPorro', 'name': 'Nicola Porro', 'id': 399004979, 'id_str': '399004979', 'indices': [3, 15]}]","[{'text': 'SanSiro', 'indices': [86, 94]}, {'text': 'Sgarbi', 'indices': [95, 102]}]"
138,2022-12-17 22:57:57+00:00,1604249569696841728,RT @NicolaPorro: Io mio amico @VittorioSgarbi su #SanSiro ha una posizione precisa: vincolarlo. Secondo me sbaglia e qui gli spiego perch√©‚Ä¶,0,3,be_marconi,Gattatico,False,"[{'screen_name': 'NicolaPorro', 'name': 'Nicola Porro', 'id': 399004979, 'id_str': '399004979', 'indices': [3, 15]}, {'screen_name': 'VittorioSgarbi', 'name': 'Vittorio Sgarbi', 'id': 201658727, 'id_str': '201658727', 'indices': [30, 45]}]","[{'text': 'SanSiro', 'indices': [49, 57]}]"
139,2022-12-17 21:47:05+00:00,1604231735037743104,RT @paolopileri_: Ecco la #Milano delle rendite immobiliari al fulmicotone. Delle #olimpiadi26. Dei boschi verticali. Del nuovo #SanSiro. D‚Ä¶,0,26,AFAntoAnt,,False,"[{'screen_name': 'paolopileri_', 'name': 'Paolo Pileri', 'id': 1547192603493470208, 'id_str': '1547192603493470208', 'indices': [3, 16]}]","[{'text': 'Milano', 'indices': [26, 33]}, {'text': 'olimpiadi26', 'indices': [82, 94]}, {'text': 'SanSiro', 'indices': [128, 136]}]"
140,2022-12-17 20:33:36+00:00,1604213241059606533,"Vendo biglietto per il Concerto dei Coldplay, il 26 Giugno a Milano. Sesto settore numerato, al prezzo di 150 euro.

#Coldplay #vendobiglietti #cercobiglietti #bigliettiColdplay #SanSiro #coldplaysansiro #coldplaymilano",0,0,Stefy66sa,"Roma, Lazio",False,[],[]
141,2022-12-17 20:20:14+00:00,1604209879149056001,"RT @OnorioFerraro: üéô  Salvini torna a parlare di #SanSiro: ""Abbiamo assolutamente bisogno di uno stadio nuovo, moderno ed efficiente. Ognun‚Ä¶",0,1,BandieraInter,"Milano, Italia",False,"[{'screen_name': 'OnorioFerraro', 'name': 'Onorio Ferraro', 'id': 4905761794, 'id_str': '4905761794', 'indices': [3, 17]}]","[{'text': 'SanSiro', 'indices': [49, 57]}]"
142,2022-12-17 20:20:09+00:00,1604209857523073024,"üéô  Salvini torna a parlare di #SanSiro: ""Abbiamo assolutamente bisogno di uno stadio nuovo, moderno ed efficiente. Ognuno faccia il proprio mestiere.‚Äù üèüüëâüèª @BandieraInter",1,1,OnorioFerraro,üìçMilano,False,[],"[{'text': 'SanSiro', 'indices': [30, 38]}]"
143,2022-12-17 19:12:05+00:00,1604192729579237376,RT @NicolaPorro: Io mio amico @VittorioSgarbi su #SanSiro ha una posizione precisa: vincolarlo. Secondo me sbaglia e qui gli spiego perch√©‚Ä¶,0,3,carolasalvato,,False,"[{'screen_name': 'NicolaPorro', 'name': 'Nicola Porro', 'id': 399004979, 'id_str': '399004979', 'indices': [3, 15]}, {'screen_name': 'VittorioSgarbi', 'name': 'Vittorio Sgarbi', 'id': 201658727, 'id_str': '201658727', 'indices': [30, 45]}]","[{'text': 'SanSiro', 'indices': [49, 57]}]"
144,2022-12-17 18:47:11+00:00,1604186461133234194,"Nuovo #SanSiro, #Salvini risponde a #Sgarbi: ""Serve il nuovo impianto, ognuno faccia il proprio mestiere"" 
https://t.co/dB06WSUt7x",2,0,sportface2016,,False,[],"[{'text': 'SanSiro', 'indices': [6, 14]}, {'text': 'Salvini', 'indices': [16, 24]}, {'text': 'Sgarbi', 'indices': [36, 43]}]"
145,2022-12-17 18:30:00+00:00,1604182138391126016,"La volta buona? ‚¨áÔ∏è

#milano #sansiro
https://t.co/OoDpbnRPdV",1,1,MiTomorrow,Milano,False,[],"[{'text': 'milano', 'indices': [20, 27]}, {'text': 'sansiro', 'indices': [28, 36]}]"
146,2022-12-17 17:59:32+00:00,1604174471115702272,"RT @NicolaPorro: Caro Vittorio, ecco perch√© questa volta non sono d‚Äôaccordo con te üëá

#SanSiro #Sgarbi

https://t.co/SWpjkUK0zY",0,4,erne1976,"Torino, Piemonte",False,"[{'screen_name': 'NicolaPorro', 'name': 'Nicola Porro', 'id': 399004979, 'id_str': '399004979', 'indices': [3, 15]}]","[{'text': 'SanSiro', 'indices': [86, 94]}, {'text': 'Sgarbi', 'indices': [95, 102]}]"
147,2022-12-17 17:59:12+00:00,1604174387405471745,"Caro Vittorio, ecco perch√© questa volta non sono d‚Äôaccordo con te üëá

#SanSiro #Sgarbi

https://t.co/SWpjkUK0zY",29,4,NicolaPorro,,False,[],"[{'text': 'SanSiro', 'indices': [69, 77]}, {'text': 'Sgarbi', 'indices': [78, 85]}]"
148,2022-12-17 17:57:53+00:00,1604174055313403904,"Io mio amico @VittorioSgarbi su #SanSiro ha una posizione precisa: vincolarlo. Secondo me sbaglia e qui gli spiego perch√© üëá

https://t.co/SWpjkUsXxY",29,3,NicolaPorro,,False,"[{'screen_name': 'VittorioSgarbi', 'name': 'Vittorio Sgarbi', 'id': 201658727, 'id_str': '201658727', 'indices': [13, 28]}]","[{'text': 'SanSiro', 'indices': [32, 40]}]"
149,2022-12-17 15:18:48+00:00,1604134018802483201,RT @Fefex_13: @MilanNewsit Basta che per mantenerlo paghi Sgarbi di tasca sua #sgarbi #sansiro,0,1,fuddunipietro,,False,"[{'screen_name': 'Fefex_13', 'name': 'Fefex13', 'id': 1240629278808686593, 'id_str': '1240629278808686593', 'indices': [3, 12]}, {'screen_name': 'MilanNewsit', 'name': 'MilanNews.it', 'id': 444812884, 'id_str': '444812884', 'indices': [14, 26]}]","[{'text': 'sgarbi', 'indices': [78, 85]}, {'text': 'sansiro', 'indices': [86, 94]}]"
150,2022-12-17 15:11:21+00:00,1604132146460901379,Mi sbaglier√≤ ma a me la questione #sansiro sembra chiara da mesi. #Marotta sta pressando sala perch√© vuole far sembrare la scelta di restare l√¨ un obbligo e non dire che sono senza soldi. #Cardinale appena scatta vincolo potr√† liberarsi e preparare lo stadio da soli,1,0,Maldinismovero2,,False,[],"[{'text': 'sansiro', 'indices': [34, 42]}, {'text': 'Marotta', 'indices': [66, 74]}]"
151,2022-12-17 15:01:04+00:00,1604129558248456193,"#Sgarbi: 'Assurdo demolire lo #stadio di #SanSiro, gli metteremo un vincolo' #Milano #Inter #Milan https://t.co/eF2owcGOW9",7,0,cmdotcom,"milano, italia",False,[],"[{'text': 'Sgarbi', 'indices': [0, 7]}, {'text': 'stadio', 'indices': [30, 37]}, {'text': 'SanSiro', 'indices': [41, 49]}, {'text': 'Milano', 'indices': [77, 84]}, {'text': 'Inter', 'indices': [85, 91]}, {'text': 'Milan', 'indices': [92, 98]}]"
152,2022-12-17 14:38:34+00:00,1604123894348234752,"RT @sportface2016: #Sgarbi contro la demolizione di #SanSiro: ‚ÄúMonumento che va tutelato per il suo valore simbolico‚Äù
https://t.co/88VUh8Su‚Ä¶",0,1,GiuseppeLepera5,"Rossano, Calabria",False,"[{'screen_name': 'sportface2016', 'name': 'Sportface', 'id': 4843529163, 'id_str': '4843529163', 'indices': [3, 17]}]","[{'text': 'Sgarbi', 'indices': [19, 26]}, {'text': 'SanSiro', 'indices': [52, 60]}]"
153,2022-12-17 14:36:13+00:00,1604123301994905600,"#Sgarbi contro la demolizione di #SanSiro: ‚ÄúMonumento che va tutelato per il suo valore simbolico‚Äù
https://t.co/88VUh8SueP",0,1,sportface2016,,False,[],"[{'text': 'Sgarbi', 'indices': [0, 7]}, {'text': 'SanSiro', 'indices': [33, 41]}]"
154,2022-12-17 13:30:00+00:00,1604106640067768320,"¬´UN VINCOLO SUL MEAZZA¬ª

Vittorio Sgarbi ha preannunciato un provvedimento per salvare lo stadio di San Siro

#Milano #SanSiro https://t.co/Y5uki1qzkW",2,1,MiTomorrow,Milano,False,[],[]
155,2022-12-17 13:22:20+00:00,1604104709459025920,RT @paolopileri_: Ecco la #Milano delle rendite immobiliari al fulmicotone. Delle #olimpiadi26. Dei boschi verticali. Del nuovo #SanSiro. D‚Ä¶,0,26,cocchi2a,,False,"[{'screen_name': 'paolopileri_', 'name': 'Paolo Pileri', 'id': 1547192603493470208, 'id_str': '1547192603493470208', 'indices': [3, 16]}]","[{'text': 'Milano', 'indices': [26, 33]}, {'text': 'olimpiadi26', 'indices': [82, 94]}, {'text': 'SanSiro', 'indices': [128, 136]}]"
156,2022-12-17 13:19:29+00:00,1604103995131412483,RT @paolopileri_: Ecco la #Milano delle rendite immobiliari al fulmicotone. Delle #olimpiadi26. Dei boschi verticali. Del nuovo #SanSiro. D‚Ä¶,0,26,Stefano_Lupus,"Italy, unfortunately",False,"[{'screen_name': 'paolopileri_', 'name': 'Paolo Pileri', 'id': 1547192603493470208, 'id_str': '1547192603493470208', 'indices': [3, 16]}]","[{'text': 'Milano', 'indices': [26, 33]}, {'text': 'olimpiadi26', 'indices': [82, 94]}, {'text': 'SanSiro', 'indices': [128, 136]}]"
157,2022-12-17 13:18:51+00:00,1604103835395530754,RT @paolopileri_: Ecco la #Milano delle rendite immobiliari al fulmicotone. Delle #olimpiadi26. Dei boschi verticali. Del nuovo #SanSiro. D‚Ä¶,0,26,dukana2,,False,"[{'screen_name': 'paolopileri_', 'name': 'Paolo Pileri', 'id': 1547192603493470208, 'id_str': '1547192603493470208', 'indices': [3, 16]}]","[{'text': 'Milano', 'indices': [26, 33]}, {'text': 'olimpiadi26', 'indices': [82, 94]}, {'text': 'SanSiro', 'indices': [128, 136]}]"
158,2022-12-17 13:09:59+00:00,1604101602260176896,@MilanNewsit Basta che per mantenerlo paghi Sgarbi di tasca sua #sgarbi #sansiro,1,1,Fefex_13,,False,"[{'screen_name': 'MilanNewsit', 'name': 'MilanNews.it', 'id': 444812884, 'id_str': '444812884', 'indices': [0, 12]}]","[{'text': 'sgarbi', 'indices': [64, 71]}, {'text': 'sansiro', 'indices': [72, 80]}]"
159,2022-12-17 12:54:06+00:00,1604097605549563905,"#Sgarbi e un #SanSiro senza #Inter e #Milan üó£Ô∏è
https://t.co/D1kZLX1Lq9",0,0,Milannews24_com,Milano,False,[],"[{'text': 'Sgarbi', 'indices': [0, 7]}, {'text': 'SanSiro', 'indices': [13, 21]}, {'text': 'Inter', 'indices': [28, 34]}, {'text': 'Milan', 'indices': [37, 43]}]"
160,2022-12-17 12:50:46+00:00,1604096765891846144,RT @CalcioFinanza: Il sottosegretario alla Cultura Vittorio #Sgarbi all'attacco: ¬´E‚Äô partito l‚Äôiter per vincolare #SanSiro¬ª https://t.co/3w‚Ä¶,0,1,MattSpe91,,False,"[{'screen_name': 'CalcioFinanza', 'name': 'Calcio e Finanza', 'id': 1917311582, 'id_str': '1917311582', 'indices': [3, 17]}]","[{'text': 'Sgarbi', 'indices': [60, 67]}, {'text': 'SanSiro', 'indices': [114, 122]}]"
161,2022-12-17 12:35:16+00:00,1604092864023126022,"RT @ViolinaStonata: Duomo di Pavia   : 9 Dicembre 2022 : San Siro , patrono della Citt√† 
#pavia #sansiro #santopatrono #Duomodipavia  #Lomb‚Ä¶",0,2,Annroveda,,False,"[{'screen_name': 'ViolinaStonata', 'name': 'Roberta Mastretta', 'id': 2684483132, 'id_str': '2684483132', 'indices': [3, 18]}]","[{'text': 'pavia', 'indices': [89, 95]}, {'text': 'sansiro', 'indices': [96, 104]}, {'text': 'santopatrono', 'indices': [105, 118]}, {'text': 'Duomodipavia', 'indices': [119, 132]}]"
162,2022-12-17 12:23:47+00:00,1604089977012379649,#SANSIRO SIAMO NOI https://t.co/6NEVCnd1TM,5,0,LMilan_07,"Milano, Lombardia",False,[],"[{'text': 'SANSIRO', 'indices': [0, 8]}]"
163,2022-12-17 12:05:41+00:00,1604085421021052931,"#SanSiro, traballa la maggioranza in Comune: le ultime | News

#ACMilan #Milan #SempreMilan 

https://t.co/kn5oqGLH4C",0,0,PianetaMilan,milano,False,[],"[{'text': 'SanSiro', 'indices': [0, 8]}, {'text': 'ACMilan', 'indices': [63, 71]}, {'text': 'Milan', 'indices': [72, 78]}, {'text': 'SempreMilan', 'indices': [79, 91]}]"
164,2022-12-17 12:04:24+00:00,1604085099104174082,Le perle di saggezza di @VittorioSgarbi #sansiro #stadio #milan #milan #inter #ACMilan #fcinter https://t.co/QWYX3rFuQ3,0,0,Giorot74,"Milan, Italy",False,"[{'screen_name': 'VittorioSgarbi', 'name': 'Vittorio Sgarbi', 'id': 201658727, 'id_str': '201658727', 'indices': [24, 39]}]","[{'text': 'sansiro', 'indices': [40, 48]}, {'text': 'stadio', 'indices': [49, 56]}, {'text': 'milan', 'indices': [57, 63]}, {'text': 'milan', 'indices': [64, 70]}, {'text': 'inter', 'indices': [71, 77]}, {'text': 'ACMilan', 'indices': [78, 86]}, {'text': 'fcinter', 'indices': [87, 95]}]"
165,2022-12-17 11:54:08+00:00,1604082516058587136,"RT @CarloRo79403302: @CalcioFinanza Che mi sembra una cosa bella e giusta, vincolare #SanSiro! üôèüëãüí™",0,1,mgpg07,,False,"[{'screen_name': 'CarloRo79403302', 'name': 'Carlo Romano', 'id': 1360905368654782466, 'id_str': '1360905368654782466', 'indices': [3, 19]}, {'screen_name': 'CalcioFinanza', 'name': 'Calcio e Finanza', 'id': 1917311582, 'id_str': '1917311582', 'indices': [21, 35]}]","[{'text': 'SanSiro', 'indices': [85, 93]}]"
166,2022-12-17 11:45:29+00:00,1604080336891269124,Le perle di saggezza di @VittorioSgarbi #sansiro #stadio #milan #milan #inter #ACMilan #fcinter https://t.co/QWYX3rEX0v,0,0,Giorot74,"Milan, Italy",False,"[{'screen_name': 'VittorioSgarbi', 'name': 'Vittorio Sgarbi', 'id': 201658727, 'id_str': '201658727', 'indices': [24, 39]}]","[{'text': 'sansiro', 'indices': [40, 48]}, {'text': 'stadio', 'indices': [49, 56]}, {'text': 'milan', 'indices': [57, 63]}, {'text': 'milan', 'indices': [64, 70]}, {'text': 'inter', 'indices': [71, 77]}, {'text': 'ACMilan', 'indices': [78, 86]}, {'text': 'fcinter', 'indices': [87, 95]}]"
167,2022-12-17 11:38:07+00:00,1604078484988608515,"#Sgarbi torna a parlare del progetto #SanSiro üó£Ô∏èüèüÔ∏è
https://t.co/40bLXN1NrD",1,0,MilanPress_it,Milano,False,[],"[{'text': 'Sgarbi', 'indices': [0, 7]}, {'text': 'SanSiro', 'indices': [37, 45]}]"
168,2022-12-17 11:24:21+00:00,1604075021038768132,RT @paolopileri_: Ecco la #Milano delle rendite immobiliari al fulmicotone. Delle #olimpiadi26. Dei boschi verticali. Del nuovo #SanSiro. D‚Ä¶,0,26,babbadmnk,,False,"[{'screen_name': 'paolopileri_', 'name': 'Paolo Pileri', 'id': 1547192603493470208, 'id_str': '1547192603493470208', 'indices': [3, 16]}]","[{'text': 'Milano', 'indices': [26, 33]}, {'text': 'olimpiadi26', 'indices': [82, 94]}, {'text': 'SanSiro', 'indices': [128, 136]}]"
169,2022-12-17 11:24:10+00:00,1604074973328334848,Nuovo #SanSiro per #Inter e #Milan: parla il coordinatore Andrea Pillon  https://t.co/9VYTaj3FAX,0,0,news24_inter,,False,[],"[{'text': 'SanSiro', 'indices': [6, 14]}, {'text': 'Inter', 'indices': [19, 25]}, {'text': 'Milan', 'indices': [28, 34]}]"
170,2022-12-17 11:18:51+00:00,1604073634775138305,RT @paolopileri_: Ecco la #Milano delle rendite immobiliari al fulmicotone. Delle #olimpiadi26. Dei boschi verticali. Del nuovo #SanSiro. D‚Ä¶,0,26,comitatogoccia,Milano quartiere Bovisa,False,"[{'screen_name': 'paolopileri_', 'name': 'Paolo Pileri', 'id': 1547192603493470208, 'id_str': '1547192603493470208', 'indices': [3, 16]}]","[{'text': 'Milano', 'indices': [26, 33]}, {'text': 'olimpiadi26', 'indices': [82, 94]}, {'text': 'SanSiro', 'indices': [128, 136]}]"
171,2022-12-17 11:03:32+00:00,1604069779538591745,"@CalcioFinanza Che mi sembra una cosa bella e giusta, vincolare #SanSiro! üôèüëãüí™",0,1,CarloRo79403302,"Mantova, Lombardia",False,"[{'screen_name': 'CalcioFinanza', 'name': 'Calcio e Finanza', 'id': 1917311582, 'id_str': '1917311582', 'indices': [0, 14]}]","[{'text': 'SanSiro', 'indices': [64, 72]}]"
172,2022-12-17 10:47:59+00:00,1604065866584293381,"#Sgarbi su #SanSiro:¬´La demolizione √® insensata. Spendere 50 milioni per abbatterlo √® assurdo¬ª
¬´Le faccio un esempio: se viene realizzato un brutto monumento dedicato a #Falcone e #Borsellino nessuno pu√≤ buttarlo gi√π neanche dopo dieci anni.¬ª

https://t.co/YT3E73p5Xr",1,0,napolista,Italia,False,[],"[{'text': 'Sgarbi', 'indices': [0, 7]}, {'text': 'SanSiro', 'indices': [11, 19]}]"
173,2022-12-17 10:47:39+00:00,1604065784422010882,"@MilanNewsit Sgarbi vuol fare di #Sansiro un museo a cielo aperto..visionario
Non so se il Comune senza l'affitto dei Club sarebbe contento.
Il problema vero √® che i Club non ricevono una risposta da pi√π di 2 anni e questo non √® degno di un Paese che funziona,ma per questo non c'√® da stupirsi",9,0,lui01lin,,False,"[{'screen_name': 'MilanNewsit', 'name': 'MilanNews.it', 'id': 444812884, 'id_str': '444812884', 'indices': [0, 12]}]","[{'text': 'Sansiro', 'indices': [33, 41]}]"
174,2022-12-17 10:45:40+00:00,1604065282938617860,Nuovo #SanSiro: si complica la tabella per lo stadio di #Milan e #Inter. https://t.co/9NWSt8hhQK,1,0,CalcioPillole,Italia,False,[],"[{'text': 'SanSiro', 'indices': [6, 14]}, {'text': 'Milan', 'indices': [56, 62]}, {'text': 'Inter', 'indices': [65, 71]}]"
175,2022-12-17 10:38:27+00:00,1604063466934902784,"RT @tempoweb: Vittorio #Sgarbi manda nel panico #Inter e #Milan: ‚ÄúPronto il vincolo su #SanSiro, no alla demolizione‚Äù #stadio #calcio #mila‚Ä¶",0,2,TuttoQuaNews,Italia,False,"[{'screen_name': 'tempoweb', 'name': 'IL TEMPO', 'id': 78567974, 'id_str': '78567974', 'indices': [3, 12]}]","[{'text': 'Sgarbi', 'indices': [23, 30]}, {'text': 'Inter', 'indices': [48, 54]}, {'text': 'Milan', 'indices': [57, 63]}, {'text': 'SanSiro', 'indices': [87, 95]}, {'text': 'stadio', 'indices': [118, 125]}, {'text': 'calcio', 'indices': [126, 133]}]"
176,2022-12-17 10:37:29+00:00,1604063223216570368,"#Sgabri annuncia sullo stadio #SanSiro: ""Parito l'iter del ministero"" https://t.co/0VdclrNf60",1,0,CalcioPillole,Italia,False,[],"[{'text': 'Sgabri', 'indices': [0, 7]}, {'text': 'SanSiro', 'indices': [30, 38]}]"
177,2022-12-17 10:33:24+00:00,1604062198816419842,"@repubblica Sgarbi vuol fare di #Sansiro un museo a cielo aperto..visionario
Non so se il Comune senza l'affitto dei Club sarebbe contento.
Il problema vero √® che i Club non ricevono una risposta da pi√π di 2 anni e questo non √® degno di un Paese che funziona,ma per questo non c'√® da stupirsi",0,0,lui01lin,,False,"[{'screen_name': 'repubblica', 'name': 'Repubblica', 'id': 18935802, 'id_str': '18935802', 'indices': [0, 11]}]","[{'text': 'Sansiro', 'indices': [32, 40]}]"
178,2022-12-17 10:25:31+00:00,1604060214025666560,"Vittorio #Sgarbi manda nel panico #Inter e #Milan: ‚ÄúPronto il vincolo su #SanSiro, no alla demolizione‚Äù #stadio #calcio #milano #17dicembre #iltempoquotidiano  https://t.co/tJAVCp8pDx https://t.co/JjnJrANy9R",2,2,tempoweb,Rome,False,[],"[{'text': 'Sgarbi', 'indices': [9, 16]}, {'text': 'Inter', 'indices': [34, 40]}, {'text': 'Milan', 'indices': [43, 49]}, {'text': 'SanSiro', 'indices': [73, 81]}, {'text': 'stadio', 'indices': [104, 111]}]"
179,2022-12-17 10:20:26+00:00,1604058934599421955,Il sottosegretario alla Cultura Vittorio #Sgarbi all'attacco: ¬´E‚Äô partito l‚Äôiter per vincolare #SanSiro¬ª https://t.co/3wqcVsJ5zc https://t.co/m8IjReEu8G,33,1,CalcioFinanza,Milano,False,[],"[{'text': 'Sgarbi', 'indices': [41, 48]}, {'text': 'SanSiro', 'indices': [95, 103]}]"
180,2022-12-17 09:02:35+00:00,1604039341159882753,"#Sgarbi: ‚ÄúPartito l‚Äôiter per vincolare #SanSiro: abbatterlo √® insensato‚Äù | News

#ACMilan #Milan #SempreMilan 

https://t.co/UIK9Wl5rz0",1,0,PianetaMilan,milano,False,[],"[{'text': 'Sgarbi', 'indices': [0, 7]}, {'text': 'SanSiro', 'indices': [39, 47]}, {'text': 'ACMilan', 'indices': [81, 89]}, {'text': 'Milan', 'indices': [90, 96]}, {'text': 'SempreMilan', 'indices': [97, 109]}]"
181,2022-12-17 08:41:12+00:00,1604033960589271040,"Sgarbi:""San Siro sar√† vincolato. C'√® l'iter""

Le dichiarazioni -) https://t.co/fSBy53e7aK

#Milan #Inter #SanSiro #Sgarbi",0,0,MilanWorldForum,Italia,False,[],"[{'text': 'Milan', 'indices': [91, 97]}, {'text': 'Inter', 'indices': [98, 104]}, {'text': 'SanSiro', 'indices': [105, 113]}, {'text': 'Sgarbi', 'indices': [114, 121]}]"
182,2022-12-17 08:30:38+00:00,1604031301199200256,@FeliceRaimondo Andiamo a #sesto. A #sansiro faranno delle grigliate o #sgarbi porter√† le pecore a pascolare. Che pagliacci.,7,0,bombardax,"Italy, Milan",False,"[{'screen_name': 'FeliceRaimondo', 'name': 'Felix', 'id': 796135836, 'id_str': '796135836', 'indices': [0, 15]}]","[{'text': 'sesto', 'indices': [26, 32]}, {'text': 'sansiro', 'indices': [36, 44]}, {'text': 'sgarbi', 'indices': [71, 78]}]"
183,2022-12-17 08:23:48+00:00,1604029583476523008,"@MarcoKappa19 Milan-Palermo 2-0 in B (ero un bambino , la mia prima volta a #SanSiro in Curva Sud con mio padre) , la finale di #Athens con il #Barcellona 4-0 (presente!), e  #Manchester, ovvio!!",1,0,ask_boomer,Milano,False,"[{'screen_name': 'MarcoKappa19', 'name': 'MarcoKappaüêé', 'id': 1200444098387333120, 'id_str': '1200444098387333120', 'indices': [0, 13]}]","[{'text': 'SanSiro', 'indices': [76, 84]}]"
184,2022-12-17 07:49:07+00:00,1604020852097425408,"‚ÄúAbbattere San Siro √® insensato, stiamo preparando un vincolo per tutelare il monumento. L'iter √® gi√† partito, a breve lo firmer√† il dg del ministero‚Äù. Vittorio Sgarbi fa andare la colazione di traverso a mezza #Milano. Da leggere a pag 25 di #Rep #SanSiro #Meazza",0,0,mchicco,"Milan, Europe",False,[],[]
185,2022-12-16 15:28:07+00:00,1603773975749959680,RT @paolopileri_: Ecco la #Milano delle rendite immobiliari al fulmicotone. Delle #olimpiadi26. Dei boschi verticali. Del nuovo #SanSiro. D‚Ä¶,0,26,UnionePopMS,,False,"[{'screen_name': 'paolopileri_', 'name': 'Paolo Pileri', 'id': 1547192603493470208, 'id_str': '1547192603493470208', 'indices': [3, 16]}]","[{'text': 'Milano', 'indices': [26, 33]}, {'text': 'olimpiadi26', 'indices': [82, 94]}, {'text': 'SanSiro', 'indices': [128, 136]}]"
186,2022-12-16 11:02:34+00:00,1603707151024889858,"A #SanSiro erano i distinti. Davanti a me c'era in panchina un Signore con cappello: Mister Nereo Rocco. E la storia cominci√≤!

Tanti auguri #Milan! üî¥‚ö´

#SempreMilan https://t.co/m65eUxu2DT",0,0,OkayRogerOver,"Milano, Lombardia",False,[],"[{'text': 'SanSiro', 'indices': [2, 10]}]"
187,2022-12-16 11:02:29+00:00,1603707130468601856,"Nel '69 divenni milanista, il #Milan in quell'anno vinse la Coppa Intercontinentale, prima la Coppa dei Campioni e il Campionato. A #SanSiro giocava un certo #Rivera, considerato il miglior giocatore di sempre. Lo vedevo giocare da dietro le grate a filo campo. ---&gt;",0,0,OkayRogerOver,"Milano, Lombardia",False,[],"[{'text': 'Milan', 'indices': [30, 36]}]"
188,2022-12-16 10:35:53+00:00,1603700433389850624,"üó£Ô∏èüëÄ Sandro #Tonali sul futuro, su #Leao e sull‚Äôobiettivo scudetto‚Ä¶

Cosa ne pensate? üî¥‚ö´Ô∏è

#acmilan #weareacmilan #scudetto #napoli #pioli #curvasudmilano #sansiro https://t.co/izJEaxkhZ9",0,0,allmilanit,,False,[],"[{'text': 'Tonali', 'indices': [11, 18]}, {'text': 'Leao', 'indices': [34, 39]}, {'text': 'acmilan', 'indices': [90, 98]}, {'text': 'weareacmilan', 'indices': [99, 112]}]"
189,2022-12-16 09:38:41+00:00,1603686039511797760,RT @paolopileri_: Ecco la #Milano delle rendite immobiliari al fulmicotone. Delle #olimpiadi26. Dei boschi verticali. Del nuovo #SanSiro. D‚Ä¶,0,26,pa_poz,,False,"[{'screen_name': 'paolopileri_', 'name': 'Paolo Pileri', 'id': 1547192603493470208, 'id_str': '1547192603493470208', 'indices': [3, 16]}]","[{'text': 'Milano', 'indices': [26, 33]}, {'text': 'olimpiadi26', 'indices': [82, 94]}, {'text': 'SanSiro', 'indices': [128, 136]}]"
190,2022-12-16 05:44:57+00:00,1603627217694621696,RT @paolopileri_: Ecco la #Milano delle rendite immobiliari al fulmicotone. Delle #olimpiadi26. Dei boschi verticali. Del nuovo #SanSiro. D‚Ä¶,0,26,a_triage,,False,"[{'screen_name': 'paolopileri_', 'name': 'Paolo Pileri', 'id': 1547192603493470208, 'id_str': '1547192603493470208', 'indices': [3, 16]}]","[{'text': 'Milano', 'indices': [26, 33]}, {'text': 'olimpiadi26', 'indices': [82, 94]}, {'text': 'SanSiro', 'indices': [128, 136]}]"
191,2022-12-15 23:36:03+00:00,1603534383574654977,RT @paolopileri_: Ecco la #Milano delle rendite immobiliari al fulmicotone. Delle #olimpiadi26. Dei boschi verticali. Del nuovo #SanSiro. D‚Ä¶,0,26,grazia_bxl,"Brussel, Belgi√´",False,"[{'screen_name': 'paolopileri_', 'name': 'Paolo Pileri', 'id': 1547192603493470208, 'id_str': '1547192603493470208', 'indices': [3, 16]}]","[{'text': 'Milano', 'indices': [26, 33]}, {'text': 'olimpiadi26', 'indices': [82, 94]}, {'text': 'SanSiro', 'indices': [128, 136]}]"
192,2022-12-15 22:17:28+00:00,1603514605690839040,RT @paolopileri_: Ecco la #Milano delle rendite immobiliari al fulmicotone. Delle #olimpiadi26. Dei boschi verticali. Del nuovo #SanSiro. D‚Ä¶,0,26,BabushJack,"Venezia, Veneto",False,"[{'screen_name': 'paolopileri_', 'name': 'Paolo Pileri', 'id': 1547192603493470208, 'id_str': '1547192603493470208', 'indices': [3, 16]}]","[{'text': 'Milano', 'indices': [26, 33]}, {'text': 'olimpiadi26', 'indices': [82, 94]}, {'text': 'SanSiro', 'indices': [128, 136]}]"
193,2022-12-15 21:05:23+00:00,1603496466504376321,RT @paolopileri_: Ecco la #Milano delle rendite immobiliari al fulmicotone. Delle #olimpiadi26. Dei boschi verticali. Del nuovo #SanSiro. D‚Ä¶,0,26,GimmiFilippi,,False,"[{'screen_name': 'paolopileri_', 'name': 'Paolo Pileri', 'id': 1547192603493470208, 'id_str': '1547192603493470208', 'indices': [3, 16]}]","[{'text': 'Milano', 'indices': [26, 33]}, {'text': 'olimpiadi26', 'indices': [82, 94]}, {'text': 'SanSiro', 'indices': [128, 136]}]"
194,2022-12-15 20:22:49+00:00,1603485753643716608,Ecco la #Milano delle rendite immobiliari al fulmicotone. Delle #olimpiadi26. Dei boschi verticali. Del nuovo #SanSiro. Dell'aumento dei biglietti #ATMÂ•¥. Sono tende sotto in pieno centro. Stasera. Non hanno casa e mai ce l'avranno in questa citt√† sempre per i pi√π ricchi. https://t.co/sDAhZYpJLu,89,26,paolopileri_,,False,[],"[{'text': 'Milano', 'indices': [8, 15]}, {'text': 'olimpiadi26', 'indices': [64, 76]}]"
195,2022-12-15 17:36:04+00:00,1603443790236237825,"RT @FcInterNewsit: #SanSiro, il dibattito prosegue
‚ö´üîµ
#pagliuca #inter https://t.co/ZH2xf16l53",0,1,TrenoMc,"Padova, Veneto",False,"[{'screen_name': 'FcInterNewsit', 'name': 'FcInterNews.it', 'id': 200154106, 'id_str': '200154106', 'indices': [3, 17]}]","[{'text': 'SanSiro', 'indices': [19, 27]}, {'text': 'pagliuca', 'indices': [54, 63]}, {'text': 'inter', 'indices': [64, 70]}]"
196,2022-12-15 15:37:42+00:00,1603414002658320384,"#Olimpiadi 2026, serviranno 15 milioni di euro per sistemare #SanSiro

#ACMilan #Milan #SempreMilan 

https://t.co/Ns7iLDOTm9",1,0,PianetaMilan,milano,False,[],"[{'text': 'Olimpiadi', 'indices': [0, 10]}, {'text': 'SanSiro', 'indices': [61, 69]}, {'text': 'ACMilan', 'indices': [71, 79]}, {'text': 'Milan', 'indices': [80, 86]}, {'text': 'SempreMilan', 'indices': [87, 99]}]"
197,2022-12-15 14:05:57+00:00,1603390910162771976,"San Siro: lavori per 15 mln in vista delle Olimpiadi

Le news -) https://t.co/K1J5mofhfT

#Milan #Inter #SanSiro #Calcio",0,0,MilanWorldForum,Italia,False,[],"[{'text': 'Milan', 'indices': [90, 96]}, {'text': 'Inter', 'indices': [97, 103]}, {'text': 'SanSiro', 'indices': [104, 112]}, {'text': 'Calcio', 'indices': [113, 120]}]"
198,2022-12-15 13:47:56+00:00,1603386378720509953,"San Siro: lavori per 15 mln in vista delle Olimpiadi

Le news -) https://t.co/gvFArUI9WI

#Milan #Inter #SanSiro #Calcio",0,0,MilanWorldForum,Italia,False,[],"[{'text': 'Milan', 'indices': [90, 96]}, {'text': 'Inter', 'indices': [97, 103]}, {'text': 'SanSiro', 'indices': [104, 112]}, {'text': 'Calcio', 'indices': [113, 120]}]"
199,2022-12-15 13:05:02+00:00,1603375582263521280,"#SanSiro, nuove grane: servono lavori da almeno 10 milioni per le Olimpiadi https://t.co/AfY4vmxUiC",11,0,cmdotcom,"milano, italia",False,[],"[{'text': 'SanSiro', 'indices': [0, 8]}]"
200,2022-12-15 09:20:45+00:00,1603319139006910464,"RT @MiTomorrow: ¬´NON C'E' ALTRO LUOGO¬ª üèüÔ∏è

Si parla tanto del futuro di San Siro e del nuovo stadio di Milano e il presidente del Coni ha v‚Ä¶",0,1,Pradivio,Milano,False,"[{'screen_name': 'MiTomorrow', 'name': 'Mi-Tomorrow', 'id': 3775808595, 'id_str': '3775808595', 'indices': [3, 14]}]",[]
201,2022-12-14 20:34:39+00:00,1603126342026870784,"Riva (Ass. #Sport): ""@acmilan e @Inter via da #SanSiro sarebbe insostenibile""

#ACMilan #Milan #SempreMilan 
https://t.co/1rKpeZBXjC",0,0,PianetaMilan,milano,False,"[{'screen_name': 'acmilan', 'name': 'AC Milan', 'id': 186386857, 'id_str': '186386857', 'indices': [21, 29]}, {'screen_name': 'Inter', 'name': 'Inter', 'id': 124450567, 'id_str': '124450567', 'indices': [32, 38]}]","[{'text': 'Sport', 'indices': [11, 17]}, {'text': 'SanSiro', 'indices': [46, 54]}, {'text': 'ACMilan', 'indices': [79, 87]}, {'text': 'Milan', 'indices': [88, 94]}, {'text': 'SempreMilan', 'indices': [95, 107]}]"
202,2022-12-14 20:05:21+00:00,1603118970013360137,Vendo tre biglietti per Milan Roma #acmilan #milan #sansiro,1,0,marghebenetti,,False,[],"[{'text': 'acmilan', 'indices': [35, 43]}, {'text': 'milan', 'indices': [44, 50]}, {'text': 'sansiro', 'indices': [51, 59]}]"
203,2022-12-14 19:34:30+00:00,1603111205882793986,"#SanSiro, perch√© la ristrutturazione √® la scelta pi√π adatta  https://t.co/pGqXJqFK6u",0,0,news24_inter,,False,[],"[{'text': 'SanSiro', 'indices': [0, 8]}]"
204,2022-12-14 19:30:15+00:00,1603110138021351425,"RT @ESCitanews: Da #Sanremo a #SanSiro üèüÔ∏è Il 2023 di @mengonimarco 
https://t.co/ltMssm26W9",0,15,lid_rnl,"Milano, Lombardia",False,"[{'screen_name': 'ESCitanews', 'name': 'EIN / Eurovision IN', 'id': 3211244148, 'id_str': '3211244148', 'indices': [3, 14]}, {'screen_name': 'mengonimarco', 'name': 'Marco Mengoni', 'id': 96948912, 'id_str': '96948912', 'indices': [53, 66]}]","[{'text': 'Sanremo', 'indices': [19, 27]}, {'text': 'SanSiro', 'indices': [30, 38]}]"
205,2022-12-14 18:30:00+00:00,1603094974270013440,"¬´NON C'E' ALTRO LUOGO¬ª üèüÔ∏è

Si parla tanto del futuro di San Siro e del nuovo stadio di Milano e il presidente del Coni ha voluto ulteriormente chiarire la situazione: San Siro blindato fino al 2026 ‚¨áÔ∏è

#milano #malago #sansiro https://t.co/XUdw12XmEU",3,1,MiTomorrow,Milano,False,[],[]
206,2022-12-14 16:40:52+00:00,1603067508428349447,Ma io mi chiedo gli altri ex giocatori o presidenti delle squadre che hanno gi√† rifatto lo stadio hanno spaccato cos√¨ il cazzo? Ma tutti a noi sti imbecilli? #sansiro #inter https://t.co/MI1LlNeFuX,0,0,AndreA79zz,,False,[],[]
207,2022-12-14 16:38:15+00:00,1603066850862313473,"#SanSiro, il dibattito prosegue
‚ö´üîµ
#pagliuca #inter https://t.co/ZH2xf16l53",14,1,FcInterNewsit,,False,[],"[{'text': 'SanSiro', 'indices': [0, 8]}, {'text': 'pagliuca', 'indices': [35, 44]}, {'text': 'inter', 'indices': [45, 51]}]"
208,2022-12-14 16:12:47+00:00,1603060443291045890,"#Malago su #SanSiro e il nuovo stadio di #Inter e #Milan üó£Ô∏è
https://t.co/jLb5LytV59",0,0,Milannews24_com,Milano,False,[],"[{'text': 'Malago', 'indices': [0, 7]}, {'text': 'SanSiro', 'indices': [11, 19]}, {'text': 'Inter', 'indices': [41, 47]}, {'text': 'Milan', 'indices': [50, 56]}]"
